title,category,description,Цена из файла,height_cm,diameter_cm,branches,discount_pct,price,offer,id,photos,active,,Насколько изменилась цена?,,,,,,,
Наименование,Категория,Описание ёлки,Оригинальная цена,Высота,Диаметр,Кол-во веток,% скидки,Цена на сайте,Цена без скидки,,Ссылка на фото,,,0%,,,,,,,
Миранда,Зелёная,"Хвоя зеленая, плавно переходящая в светлый тон на концах. Разная длина и уровень расположения веточек приближает Миранду к настоящей лесной красавице",31 000 ₽,185 см,110 см,955 шт,-30%,31 000 ₽,44286,1,https://lady-elka.ru/d/img_1948.jpg | https://lady-elka.ru/d/img_1949.jpg | https://lady-elka.ru/d/photo_2025-09-06_22-17-08.jpg | https://lady-elka.ru/d/photo_2025-09-05_20-54-23.jpg | https://lady-elka.ru/d/photo_2025-09-05_20-54-18.jpg | https://lady-elka.ru/d/photo_2026-09-10_11-29-07.jpg,TRUE,,,,,,,,,
Миранда,Зелёная,"Хвоя зеленая, плавно переходящая в светлый тон на концах. Разная длина и уровень расположения веточек приближает Миранду к настоящей лесной красавице",42 000 ₽,215 см,126 см,1315 шт,-30%,42 000 ₽,60000,1,https://lady-elka.ru/d/img_1948.jpg | https://lady-elka.ru/d/img_1949.jpg | https://lady-elka.ru/d/photo_2025-09-06_22-17-08.jpg | https://lady-elka.ru/d/photo_2025-09-05_20-54-23.jpg | https://lady-elka.ru/d/photo_2025-09-05_20-54-18.jpg | https://lady-elka.ru/d/photo_2026-09-10_11-29-07.jpg,TRUE,,,,,,,,,
Миранда,Зелёная,"Хвоя зеленая, плавно переходящая в светлый тон на концах. Разная длина и уровень расположения веточек приближает Миранду к настоящей лесной красавице",51 000 ₽,230 см,134 см,1585 шт,-30%,51 000 ₽,72858,1,https://lady-elka.ru/d/img_1948.jpg | https://lady-elka.ru/d/img_1949.jpg | https://lady-elka.ru/d/photo_2025-09-06_22-17-08.jpg | https://lady-elka.ru/d/photo_2025-09-05_20-54-23.jpg | https://lady-elka.ru/d/photo_2025-09-05_20-54-18.jpg | https://lady-elka.ru/d/photo_2026-09-10_11-29-07.jpg,TRUE,,,,,,,,,
Миранда,Зелёная,"Хвоя зеленая, плавно переходящая в светлый тон на концах. Разная длина и уровень расположения веточек приближает Миранду к настоящей лесной красавице",59 000 ₽,250 см,140 см,1873 шт,-30%,59 000 ₽,84286,1,https://lady-elka.ru/d/img_1948.jpg | https://lady-elka.ru/d/img_1949.jpg | https://lady-elka.ru/d/photo_2025-09-06_22-17-08.jpg | https://lady-elka.ru/d/photo_2025-09-05_20-54-23.jpg | https://lady-elka.ru/d/photo_2025-09-05_20-54-18.jpg | https://lady-elka.ru/d/photo_2026-09-10_11-29-07.jpg,TRUE,,,,,,,,,
Миранда,Зелёная,"Хвоя зеленая, плавно переходящая в светлый тон на концах. Разная длина и уровень расположения веточек приближает Миранду к настоящей лесной красавице",81 000 ₽,270 см,146 см,2431 шт,-30%,81 000 ₽,115715,1,https://lady-elka.ru/d/img_1948.jpg | https://lady-elka.ru/d/img_1949.jpg | https://lady-elka.ru/d/photo_2025-09-06_22-17-08.jpg | https://lady-elka.ru/d/photo_2025-09-05_20-54-23.jpg | https://lady-elka.ru/d/photo_2025-09-05_20-54-18.jpg | https://lady-elka.ru/d/photo_2026-09-10_11-29-07.jpg,TRUE,,,,,,,,,
,,,,,,,,,,,,,,,,,,,,,
Миранда,С освещением,"Хвоя зеленая, плавно переходящая в светлый тон на концах. Разная длина и уровень расположения веточек приближает Миранду к настоящей лесной красавице. Дополнена встроенной гирляндой теплого свечения, без режимов мигания",37 400 ₽,185 см,110 см,955 шт,-30%,37 400 ₽,53429,1,https://lady-elka.ru/d/photo_2025-09-05_20-57-25.jpg | https://lady-elka.ru/d/photo_2025-09-05_20-57-30.jpg | https://lady-elka.ru/d/photo_2025-09-05_20-54-23.jpg | https://lady-elka.ru/d/photo_2025-09-05_20-54-18.jpg |  | ,TRUE,,,,,,,,,
Миранда,С освещением,"Хвоя зеленая, плавно переходящая в светлый тон на концах. Разная длина и уровень расположения веточек приближает Миранду к настоящей лесной красавице. Дополнена встроенной гирляндой теплого свечения, без режимов мигания",56 000 ₽,215 см,126 см,1315 шт,-30%,56 000 ₽,80000,1,https://lady-elka.ru/d/photo_2025-09-05_20-57-25.jpg | https://lady-elka.ru/d/photo_2025-09-05_20-57-30.jpg | https://lady-elka.ru/d/photo_2025-09-05_20-54-23.jpg | https://lady-elka.ru/d/photo_2025-09-05_20-54-18.jpg |  | ,TRUE,,,,,,,,,
Миранда,С освещением,"Хвоя зеленая, плавно переходящая в светлый тон на концах. Разная длина и уровень расположения веточек приближает Миранду к настоящей лесной красавице. Дополнена встроенной гирляндой теплого свечения, без режимов мигания",64 000 ₽,230 см,134 см,1585 шт,-30%,64 000 ₽,91429,1,https://lady-elka.ru/d/photo_2025-09-05_20-57-25.jpg | https://lady-elka.ru/d/photo_2025-09-05_20-57-30.jpg | https://lady-elka.ru/d/photo_2025-09-05_20-54-23.jpg | https://lady-elka.ru/d/photo_2025-09-05_20-54-18.jpg |  | ,TRUE,,,,,,,,,
Миранда,С освещением,"Хвоя зеленая, плавно переходящая в светлый тон на концах. Разная длина и уровень расположения веточек приближает Миранду к настоящей лесной красавице. Дополнена встроенной гирляндой теплого свечения, без режимов мигания",76 000 ₽,250 см,140 см,1873 шт,-30%,76 000 ₽,108572,1,https://lady-elka.ru/d/photo_2025-09-05_20-57-25.jpg | https://lady-elka.ru/d/photo_2025-09-05_20-57-30.jpg | https://lady-elka.ru/d/photo_2025-09-05_20-54-23.jpg | https://lady-elka.ru/d/photo_2025-09-05_20-54-18.jpg |  | ,TRUE,,,,,,,,,
Миранда,С освещением,"Хвоя зеленая, плавно переходящая в светлый тон на концах. Разная длина и уровень расположения веточек приближает Миранду к настоящей лесной красавице. Дополнена встроенной гирляндой теплого свечения, без режимов мигания",105 000 ₽,270 см,146 см,2431 шт,-30%,105 000 ₽,150000,1,https://lady-elka.ru/d/photo_2025-09-05_20-57-25.jpg | https://lady-elka.ru/d/photo_2025-09-05_20-57-30.jpg | https://lady-elka.ru/d/photo_2025-09-05_20-54-23.jpg | https://lady-elka.ru/d/photo_2025-09-05_20-54-18.jpg |  | ,TRUE,,,,,,,,,
,,,,,,,,,,,,,,,,,,,,,
Миранда,Заснеженная,Хлопковое напыление на ветвях создает впечатление выпавшего рыхлого снега. Разная длина и уровень расположения веточек приближает Миранду к настоящей лесной красавице,35 000 ₽,185 см,110 см,955 шт,-30%,35 000 ₽,50000,1,https://lady-elka.ru/d/img_1955.jpg | https://lady-elka.ru/d/img_1956.jpg | https://lady-elka.ru/d/img_1935.jpg | https://lady-elka.ru/d/photo_2025-09-05_21-13-00.jpg | https://lady-elka.ru/d/photo_2026-09-10_11-29-06.jpg | ,TRUE,,,,,,,,,
Миранда,Заснеженная,Хлопковое напыление на ветвях создает впечатление выпавшего рыхлого снега. Разная длина и уровень расположения веточек приближает Миранду к настоящей лесной красавице,49 000 ₽,215 см,126 см,1315 шт,-30%,49 000 ₽,70000,1,https://lady-elka.ru/d/img_1955.jpg | https://lady-elka.ru/d/img_1956.jpg | https://lady-elka.ru/d/img_1935.jpg | https://lady-elka.ru/d/photo_2025-09-05_21-13-00.jpg | https://lady-elka.ru/d/photo_2026-09-10_11-29-06.jpg | ,TRUE,,,,,,,,,
Миранда,Заснеженная,Хлопковое напыление на ветвях создает впечатление выпавшего рыхлого снега. Разная длина и уровень расположения веточек приближает Миранду к настоящей лесной красавице,56 000 ₽,230 см,134 см,1585 шт,-30%,56 000 ₽,80000,1,https://lady-elka.ru/d/img_1955.jpg | https://lady-elka.ru/d/img_1956.jpg | https://lady-elka.ru/d/img_1935.jpg | https://lady-elka.ru/d/photo_2025-09-05_21-13-00.jpg | https://lady-elka.ru/d/photo_2026-09-10_11-29-06.jpg | ,TRUE,,,,,,,,,
Миранда,Заснеженная,Хлопковое напыление на ветвях создает впечатление выпавшего рыхлого снега. Разная длина и уровень расположения веточек приближает Миранду к настоящей лесной красавице,64 000 ₽,250 см,140 см,1873 шт,-30%,64 000 ₽,91429,1,https://lady-elka.ru/d/img_1955.jpg | https://lady-elka.ru/d/img_1956.jpg | https://lady-elka.ru/d/img_1935.jpg | https://lady-elka.ru/d/photo_2025-09-05_21-13-00.jpg | https://lady-elka.ru/d/photo_2026-09-10_11-29-06.jpg | ,TRUE,,,,,,,,,
,,,,,,,,,,,,,,,,,,,,,
Миранда,Заснеженная с освещением,"Хлопковое напыление на ветвях создает впечатление выпавшего рыхлого снега. Разная длина и уровень расположения веточек приближает Миранду к настоящей лесной красавице. Дополнена встроенной гирляндой теплого свечения, без режимов мигания",42 944 ₽,185 см,110 см,955 шт,-30%,42 944 ₽,61349,1,https://lady-elka.ru/d/photo_2025-09-05_20-58-42.jpg | https://lady-elka.ru/d/img_1935.jpg | https://lady-elka.ru/d/photo_2025-09-05_21-13-00.jpg |  |  | ,TRUE,,,,,,,,,
Миранда,Заснеженная с освещением,"Хлопковое напыление на ветвях создает впечатление выпавшего рыхлого снега. Разная длина и уровень расположения веточек приближает Миранду к настоящей лесной красавице. Дополнена встроенной гирляндой теплого свечения, без режимов мигания",55 000 ₽,215 см,126 см,1315 шт,-30%,55 000 ₽,78572,1,https://lady-elka.ru/d/photo_2025-09-05_20-58-42.jpg | https://lady-elka.ru/d/img_1935.jpg | https://lady-elka.ru/d/photo_2025-09-05_21-13-00.jpg |  |  | ,TRUE,,,,,,,,,
Миранда,Заснеженная с освещением,"Хлопковое напыление на ветвях создает впечатление выпавшего рыхлого снега. Разная длина и уровень расположения веточек приближает Миранду к настоящей лесной красавице. Дополнена встроенной гирляндой теплого свечения, без режимов мигания",67 100 ₽,230 см,134 см,1585 шт,-30%,67 100 ₽,95858,1,https://lady-elka.ru/d/photo_2025-09-05_20-58-42.jpg | https://lady-elka.ru/d/img_1935.jpg | https://lady-elka.ru/d/photo_2025-09-05_21-13-00.jpg |  |  | ,TRUE,,,,,,,,,
Миранда,Заснеженная с освещением,"Хлопковое напыление на ветвях создает впечатление выпавшего рыхлого снега. Разная длина и уровень расположения веточек приближает Миранду к настоящей лесной красавице. Дополнена встроенной гирляндой теплого свечения, без режимов мигания",99 979 ₽,250 см,140 см,1873 шт,-30%,99 979 ₽,142828,1,https://lady-elka.ru/d/photo_2025-09-05_20-58-42.jpg | https://lady-elka.ru/d/img_1935.jpg | https://lady-elka.ru/d/photo_2025-09-05_21-13-00.jpg |  |  | ,TRUE,,,,,,,,,
,,,,,,,,,,,,,,,,,,,,,
Белла,Зелёная,"Елка состоит из семипалых веток, с хвоей насыщенного зеленого цвета. Неправильная форма создает сходство с натуральным деревом",14 450 ₽,150 см,116 см,461 шт,-30%,14 450 ₽,20643,2,https://lady-elka.ru/d/photo_2025-09-05_21-23-30.jpg | https://lady-elka.ru/d/photo_2025-09-05_21-22-08.jpg | https://lady-elka.ru/d/photo_2025-09-05_20-54-23.jpg | https://lady-elka.ru/d/photo_2025-09-05_20-54-18.jpg |  | ,TRUE,,,,,,,,,
Белла,Зелёная,"Елка состоит из семипалых веток, с хвоей насыщенного зеленого цвета. Неправильная форма создает сходство с натуральным деревом",22 000 ₽,185 см,132 см,869 шт,-30%,22 000 ₽,31429,2,https://lady-elka.ru/d/photo_2025-09-05_21-23-30.jpg | https://lady-elka.ru/d/photo_2025-09-05_21-22-08.jpg | https://lady-elka.ru/d/photo_2025-09-05_20-54-23.jpg | https://lady-elka.ru/d/photo_2025-09-05_20-54-18.jpg |  | ,TRUE,,,,,,,,,
Белла,Зелёная,"Елка состоит из семипалых веток, с хвоей насыщенного зеленого цвета. Неправильная форма создает сходство с натуральным деревом",34 000 ₽,215 см,148 см,1337 шт,-30%,34 000 ₽,48572,2,https://lady-elka.ru/d/photo_2025-09-05_21-23-30.jpg | https://lady-elka.ru/d/photo_2025-09-05_21-22-08.jpg | https://lady-elka.ru/d/photo_2025-09-05_20-54-23.jpg | https://lady-elka.ru/d/photo_2025-09-05_20-54-18.jpg |  | ,TRUE,,,,,,,,,
Белла,Зелёная,"Елка состоит из семипалых веток, с хвоей насыщенного зеленого цвета. Неправильная форма создает сходство с натуральным деревом",38 000 ₽,230 см,160 см,1733 шт,-30%,38 000 ₽,54286,2,https://lady-elka.ru/d/photo_2025-09-05_21-23-30.jpg | https://lady-elka.ru/d/photo_2025-09-05_21-22-08.jpg | https://lady-elka.ru/d/photo_2025-09-05_20-54-23.jpg | https://lady-elka.ru/d/photo_2025-09-05_20-54-18.jpg |  | ,TRUE,,,,,,,,,
Белла,Зелёная,"Елка состоит из семипалых веток, с хвоей насыщенного зеленого цвета. Неправильная форма создает сходство с натуральным деревом",45 000 ₽,250 см,172 см,2135 шт,-30%,45 000 ₽,64286,2,https://lady-elka.ru/d/photo_2025-09-05_21-23-30.jpg | https://lady-elka.ru/d/photo_2025-09-05_21-22-08.jpg | https://lady-elka.ru/d/photo_2025-09-05_20-54-23.jpg | https://lady-elka.ru/d/photo_2025-09-05_20-54-18.jpg |  | ,TRUE,,,,,,,,,
Белла,Зелёная,"Елка состоит из семипалых веток, с хвоей насыщенного зеленого цвета. Неправильная форма создает сходство с натуральным деревом",56 000 ₽,270 см,184 см,2561 шт,-30%,56 000 ₽,80000,2,https://lady-elka.ru/d/photo_2025-09-05_21-23-30.jpg | https://lady-elka.ru/d/photo_2025-09-05_21-22-08.jpg | https://lady-elka.ru/d/photo_2025-09-05_20-54-23.jpg | https://lady-elka.ru/d/photo_2025-09-05_20-54-18.jpg |  | ,TRUE,,,,,,,,,
Белла,Зелёная,"Елка состоит из семипалых веток, с хвоей насыщенного зеленого цвета. Неправильная форма создает сходство с натуральным деревом",78 000 ₽,300 см,204 см,3773 шт,-30%,78 000 ₽,111429,2,https://lady-elka.ru/d/photo_2025-09-05_21-23-30.jpg | https://lady-elka.ru/d/photo_2025-09-05_21-22-08.jpg | https://lady-elka.ru/d/photo_2025-09-05_20-54-23.jpg | https://lady-elka.ru/d/photo_2025-09-05_20-54-18.jpg |  | ,TRUE,,,,,,,,,
,,,,,,,,,,,,,,,,,,,,,
Белла,С освещением,"Елка состоит из семипалых веток, с хвоей насыщенного зеленого цвета. Неправильная форма создает сходство с натуральным деревом. Дополнена встроенной гирляндой теплого свечения, без режимов мигания",17 000 ₽,150 см,116 см,461 шт,-30%,17 000 ₽,24286,2,https://lady-elka.ru/d/photo_2025-09-05_21-24-45.jpg | https://lady-elka.ru/d/photo_2025-09-05_21-24-51.jpg | https://lady-elka.ru/d/photo_2025-09-05_20-54-23.jpg | https://lady-elka.ru/d/photo_2025-09-05_20-54-18.jpg |  | ,TRUE,,,,,,,,,
Белла,С освещением,"Елка состоит из семипалых веток, с хвоей насыщенного зеленого цвета. Неправильная форма создает сходство с натуральным деревом. Дополнена встроенной гирляндой теплого свечения, без режимов мигания",29 900 ₽,185 см,132 см,869 шт,-30%,29 900 ₽,42715,2,https://lady-elka.ru/d/photo_2025-09-05_21-24-45.jpg | https://lady-elka.ru/d/photo_2025-09-05_21-24-51.jpg | https://lady-elka.ru/d/photo_2025-09-05_20-54-23.jpg | https://lady-elka.ru/d/photo_2025-09-05_20-54-18.jpg |  | ,TRUE,,,,,,,,,
Белла,С освещением,"Елка состоит из семипалых веток, с хвоей насыщенного зеленого цвета. Неправильная форма создает сходство с натуральным деревом. Дополнена встроенной гирляндой теплого свечения, без режимов мигания",42 000 ₽,215 см,148 см,1337 шт,-30%,42 000 ₽,60000,2,https://lady-elka.ru/d/photo_2025-09-05_21-24-45.jpg | https://lady-elka.ru/d/photo_2025-09-05_21-24-51.jpg | https://lady-elka.ru/d/photo_2025-09-05_20-54-23.jpg | https://lady-elka.ru/d/photo_2025-09-05_20-54-18.jpg |  | ,TRUE,,,,,,,,,
Белла,С освещением,"Елка состоит из семипалых веток, с хвоей насыщенного зеленого цвета. Неправильная форма создает сходство с натуральным деревом. Дополнена встроенной гирляндой теплого свечения, без режимов мигания",51 000 ₽,230 см,160 см,1733 шт,-30%,51 000 ₽,72858,2,https://lady-elka.ru/d/photo_2025-09-05_21-24-45.jpg | https://lady-elka.ru/d/photo_2025-09-05_21-24-51.jpg | https://lady-elka.ru/d/photo_2025-09-05_20-54-23.jpg | https://lady-elka.ru/d/photo_2025-09-05_20-54-18.jpg |  | ,TRUE,,,,,,,,,
Белла,С освещением,"Елка состоит из семипалых веток, с хвоей насыщенного зеленого цвета. Неправильная форма создает сходство с натуральным деревом. Дополнена встроенной гирляндой теплого свечения, без режимов мигания",66 000 ₽,250 см,172 см,2135 шт,-30%,66 000 ₽,94286,2,https://lady-elka.ru/d/photo_2025-09-05_21-24-45.jpg | https://lady-elka.ru/d/photo_2025-09-05_21-24-51.jpg | https://lady-elka.ru/d/photo_2025-09-05_20-54-23.jpg | https://lady-elka.ru/d/photo_2025-09-05_20-54-18.jpg |  | ,TRUE,,,,,,,,,
Белла,С освещением,"Елка состоит из семипалых веток, с хвоей насыщенного зеленого цвета. Неправильная форма создает сходство с натуральным деревом. Дополнена встроенной гирляндой теплого свечения, без режимов мигания",81 000 ₽,270 см,184 см,2561 шт,-30%,81 000 ₽,115715,2,https://lady-elka.ru/d/photo_2025-09-05_21-24-45.jpg | https://lady-elka.ru/d/photo_2025-09-05_21-24-51.jpg | https://lady-elka.ru/d/photo_2025-09-05_20-54-23.jpg | https://lady-elka.ru/d/photo_2025-09-05_20-54-18.jpg |  | ,TRUE,,,,,,,,,
Белла,С освещением,"Елка состоит из семипалых веток, с хвоей насыщенного зеленого цвета. Неправильная форма создает сходство с натуральным деревом. Дополнена встроенной гирляндой теплого свечения, без режимов мигания",108 000 ₽,300 см,204 см,3773 шт,-30%,108 000 ₽,154286,2,https://lady-elka.ru/d/photo_2025-09-05_21-24-45.jpg | https://lady-elka.ru/d/photo_2025-09-05_21-24-51.jpg | https://lady-elka.ru/d/photo_2025-09-05_20-54-23.jpg | https://lady-elka.ru/d/photo_2025-09-05_20-54-18.jpg |  | ,TRUE,,,,,,,,,
,,,,,,,,,,,,,,,,,,,,,
Белла,Заснеженная,"Елка состоит из семипалых веток, с хвоей, имеющей хлопковое напыление. Неправильная форма создает сходство с натуральным деревом",16 000 ₽,150 см,116 см,461 шт,-30%,16 000 ₽,22858,2,https://lady-elka.ru/d/photo_2025-09-05_21-27-58.jpg | https://lady-elka.ru/d/img_1935.jpg | https://lady-elka.ru/d/photo_2025-09-05_21-13-00.jpg |  |  | ,TRUE,,,,,,,,,
Белла,Заснеженная,"Елка состоит из семипалых веток, с хвоей, имеющей хлопковое напыление. Неправильная форма создает сходство с натуральным деревом",26 500 ₽,185 см,132 см,869 шт,-30%,26 500 ₽,37858,2,https://lady-elka.ru/d/photo_2025-09-05_21-27-58.jpg | https://lady-elka.ru/d/img_1935.jpg | https://lady-elka.ru/d/photo_2025-09-05_21-13-00.jpg |  |  | ,TRUE,,,,,,,,,
Белла,Заснеженная,"Елка состоит из семипалых веток, с хвоей, имеющей хлопковое напыление. Неправильная форма создает сходство с натуральным деревом",38 500 ₽,215 см,148 см,1337 шт,-30%,38 500 ₽,55000,2,https://lady-elka.ru/d/photo_2025-09-05_21-27-58.jpg | https://lady-elka.ru/d/img_1935.jpg | https://lady-elka.ru/d/photo_2025-09-05_21-13-00.jpg |  |  | ,TRUE,,,,,,,,,
Белла,Заснеженная,"Елка состоит из семипалых веток, с хвоей, имеющей хлопковое напыление. Неправильная форма создает сходство с натуральным деревом",46 000 ₽,230 см,160 см,1733 шт,-30%,46 000 ₽,65715,2,https://lady-elka.ru/d/photo_2025-09-05_21-27-58.jpg | https://lady-elka.ru/d/img_1935.jpg | https://lady-elka.ru/d/photo_2025-09-05_21-13-00.jpg |  |  | ,TRUE,,,,,,,,,
Белла,Заснеженная,"Елка состоит из семипалых веток, с хвоей, имеющей хлопковое напыление. Неправильная форма создает сходство с натуральным деревом",59 000 ₽,250 см,172 см,2135 шт,-30%,59 000 ₽,84286,2,https://lady-elka.ru/d/photo_2025-09-05_21-27-58.jpg | https://lady-elka.ru/d/img_1935.jpg | https://lady-elka.ru/d/photo_2025-09-05_21-13-00.jpg |  |  | ,TRUE,,,,,,,,,
Белла,Заснеженная,"Елка состоит из семипалых веток, с хвоей, имеющей хлопковое напыление. Неправильная форма создает сходство с натуральным деревом",69 500 ₽,270 см,184 см,2561 шт,-30%,69 500 ₽,99286,2,https://lady-elka.ru/d/photo_2025-09-05_21-27-58.jpg | https://lady-elka.ru/d/img_1935.jpg | https://lady-elka.ru/d/photo_2025-09-05_21-13-00.jpg |  |  | ,TRUE,,,,,,,,,
Белла,Заснеженная,"Елка состоит из семипалых веток, с хвоей, имеющей хлопковое напыление. Неправильная форма создает сходство с натуральным деревом",95 000 ₽,300 см,204 см,3773 шт,-30%,95 000 ₽,135715,2,https://lady-elka.ru/d/photo_2025-09-05_21-27-58.jpg | https://lady-elka.ru/d/img_1935.jpg | https://lady-elka.ru/d/photo_2025-09-05_21-13-00.jpg |  |  | ,TRUE,,,,,,,,,
,,,,,,,,,,,,,,,,,,,,,
Белла,Заснеженная с освещением,"Елка состоит из семипалых веток, с хвоей, имеющей хлопковое напыление. Неправильная форма создает сходство с натуральным деревом. Дополнена встроенной гирляндой теплого свечения, без режимов мигания",23 000 ₽,150 см,116 см,461 шт,-30%,23 000 ₽,32858,2,https://lady-elka.ru/d/photo_2025-09-05_21-31-39.jpg | https://lady-elka.ru/d/photo_2025-09-05_21-31-33.jpg | https://lady-elka.ru/d/img_1935.jpg | https://lady-elka.ru/d/photo_2025-09-05_21-13-00.jpg |  | ,TRUE,,,,,,,,,
Белла,Заснеженная с освещением,"Елка состоит из семипалых веток, с хвоей, имеющей хлопковое напыление. Неправильная форма создает сходство с натуральным деревом. Дополнена встроенной гирляндой теплого свечения, без режимов мигания",34 900 ₽,185 см,132 см,869 шт,-30%,34 900 ₽,49858,2,https://lady-elka.ru/d/photo_2025-09-05_21-31-39.jpg | https://lady-elka.ru/d/photo_2025-09-05_21-31-33.jpg | https://lady-elka.ru/d/img_1935.jpg | https://lady-elka.ru/d/photo_2025-09-05_21-13-00.jpg |  | ,TRUE,,,,,,,,,
Белла,Заснеженная с освещением,"Елка состоит из семипалых веток, с хвоей, имеющей хлопковое напыление. Неправильная форма создает сходство с натуральным деревом. Дополнена встроенной гирляндой теплого свечения, без режимов мигания",49 000 ₽,215 см,148 см,1337 шт,-30%,49 000 ₽,70000,2,https://lady-elka.ru/d/photo_2025-09-05_21-31-39.jpg | https://lady-elka.ru/d/photo_2025-09-05_21-31-33.jpg | https://lady-elka.ru/d/img_1935.jpg | https://lady-elka.ru/d/photo_2025-09-05_21-13-00.jpg |  | ,TRUE,,,,,,,,,
Белла,Заснеженная с освещением,"Елка состоит из семипалых веток, с хвоей, имеющей хлопковое напыление. Неправильная форма создает сходство с натуральным деревом. Дополнена встроенной гирляндой теплого свечения, без режимов мигания",57 000 ₽,230 см,160 см,1733 шт,-30%,57 000 ₽,81429,2,https://lady-elka.ru/d/photo_2025-09-05_21-31-39.jpg | https://lady-elka.ru/d/photo_2025-09-05_21-31-33.jpg | https://lady-elka.ru/d/img_1935.jpg | https://lady-elka.ru/d/photo_2025-09-05_21-13-00.jpg |  | ,TRUE,,,,,,,,,
Белла,Заснеженная с освещением,"Елка состоит из семипалых веток, с хвоей, имеющей хлопковое напыление. Неправильная форма создает сходство с натуральным деревом. Дополнена встроенной гирляндой теплого свечения, без режимов мигания",72 000 ₽,250 см,172 см,2135 шт,-30%,72 000 ₽,102858,2,https://lady-elka.ru/d/photo_2025-09-05_21-31-39.jpg | https://lady-elka.ru/d/photo_2025-09-05_21-31-33.jpg | https://lady-elka.ru/d/img_1935.jpg | https://lady-elka.ru/d/photo_2025-09-05_21-13-00.jpg |  | ,TRUE,,,,,,,,,
Белла,Заснеженная с освещением,"Елка состоит из семипалых веток, с хвоей, имеющей хлопковое напыление. Неправильная форма создает сходство с натуральным деревом. Дополнена встроенной гирляндой теплого свечения, без режимов мигания",90 000 ₽,270 см,184 см,2561 шт,-30%,90 000 ₽,128572,2,https://lady-elka.ru/d/photo_2025-09-05_21-31-39.jpg | https://lady-elka.ru/d/photo_2025-09-05_21-31-33.jpg | https://lady-elka.ru/d/img_1935.jpg | https://lady-elka.ru/d/photo_2025-09-05_21-13-00.jpg |  | ,TRUE,,,,,,,,,
Белла,Заснеженная с освещением,"Елка состоит из семипалых веток, с хвоей, имеющей хлопковое напыление. Неправильная форма создает сходство с натуральным деревом. Дополнена встроенной гирляндой теплого свечения, без режимов мигания",125 000 ₽,300 см,204 см,3773 шт,-30%,125 000 ₽,178572,2,https://lady-elka.ru/d/photo_2025-09-05_21-31-39.jpg | https://lady-elka.ru/d/photo_2025-09-05_21-31-33.jpg | https://lady-elka.ru/d/img_1935.jpg | https://lady-elka.ru/d/photo_2025-09-05_21-13-00.jpg |  | ,TRUE,,,,,,,,,
,,,,,,,,,,,,,,,,,,,,,
Катрин,Зелёная,Самая широкая елка по диаметру нижних веток. Имеет правильную крону и густую хвою,19 000 ₽,150 см,128 см,565 шт,-30%,19 000 ₽,27143,3,https://lady-elka.ru/d/photo_2025-09-05_21-40-05.jpg | https://lady-elka.ru/d/photo_2025-09-05_21-39-54.jpg | https://lady-elka.ru/d/photo_2025-09-05_20-54-23.jpg | https://lady-elka.ru/d/photo_2025-09-05_20-54-18.jpg |  | ,TRUE,,,,,,,,,
Катрин,Зелёная,Самая широкая елка по диаметру нижних веток. Имеет правильную крону и густую хвою,29 000 ₽,185 см,158 см,985 шт,-30%,29 000 ₽,41429,3,https://lady-elka.ru/d/photo_2025-09-05_21-40-05.jpg | https://lady-elka.ru/d/photo_2025-09-05_21-39-54.jpg | https://lady-elka.ru/d/photo_2025-09-05_20-54-23.jpg | https://lady-elka.ru/d/photo_2025-09-05_20-54-18.jpg |  | ,TRUE,,,,,,,,,
Катрин,Зелёная,Самая широкая елка по диаметру нижних веток. Имеет правильную крону и густую хвою,39 000 ₽,215 см,170 см,1273 шт,-30%,39 000 ₽,55715,3,https://lady-elka.ru/d/photo_2025-09-05_21-40-05.jpg | https://lady-elka.ru/d/photo_2025-09-05_21-39-54.jpg | https://lady-elka.ru/d/photo_2025-09-05_20-54-23.jpg | https://lady-elka.ru/d/photo_2025-09-05_20-54-18.jpg |  | ,TRUE,,,,,,,,,
Катрин,Зелёная,Самая широкая елка по диаметру нижних веток. Имеет правильную крону и густую хвою,49 000 ₽,230 см,188 см,1665 шт,-30%,49 000 ₽,70000,3,https://lady-elka.ru/d/photo_2025-09-05_21-40-05.jpg | https://lady-elka.ru/d/photo_2025-09-05_21-39-54.jpg | https://lady-elka.ru/d/photo_2025-09-05_20-54-23.jpg | https://lady-elka.ru/d/photo_2025-09-05_20-54-18.jpg |  | ,TRUE,,,,,,,,,
Катрин,Зелёная,Самая широкая елка по диаметру нижних веток. Имеет правильную крону и густую хвою,59 000 ₽,250 см,200 см,2113 шт,-30%,59 000 ₽,84286,3,https://lady-elka.ru/d/photo_2025-09-05_21-40-05.jpg | https://lady-elka.ru/d/photo_2025-09-05_21-39-54.jpg | https://lady-elka.ru/d/photo_2025-09-05_20-54-23.jpg | https://lady-elka.ru/d/photo_2025-09-05_20-54-18.jpg |  | ,TRUE,,,,,,,,,
Катрин,Зелёная,Самая широкая елка по диаметру нижних веток. Имеет правильную крону и густую хвою,70 000 ₽,270 см,212 см,2653 шт,-30%,70 000 ₽,100000,3,https://lady-elka.ru/d/photo_2025-09-05_21-40-05.jpg | https://lady-elka.ru/d/photo_2025-09-05_21-39-54.jpg | https://lady-elka.ru/d/photo_2025-09-05_20-54-23.jpg | https://lady-elka.ru/d/photo_2025-09-05_20-54-18.jpg |  | ,TRUE,,,,,,,,,
Катрин,Зелёная,Самая широкая елка по диаметру нижних веток. Имеет правильную крону и густую хвою,82 000 ₽,300 см,224 см,3253 шт,-30%,82 000 ₽,117143,3,https://lady-elka.ru/d/photo_2025-09-05_21-40-05.jpg | https://lady-elka.ru/d/photo_2025-09-05_21-39-54.jpg | https://lady-elka.ru/d/photo_2025-09-05_20-54-23.jpg | https://lady-elka.ru/d/photo_2025-09-05_20-54-18.jpg |  | ,TRUE,,,,,,,,,
,,,,,,,,,,,,,,,,,,,,,
Катрин,С освещением,"Самая широкая елка по диаметру нижних веток. Имеет правильную крону и густую хвою. Дополнена встроенной гирляндой теплого свечения, без режимов мигания.",29 000 ₽,150 см,128 см,565 шт,-30%,29 000 ₽,41429,3,https://lady-elka.ru/d/photo_2025-09-05_21-42-19.jpg | https://lady-elka.ru/d/photo_2025-09-05_21-42-08.jpg | https://lady-elka.ru/d/photo_2025-09-05_20-54-23.jpg | https://lady-elka.ru/d/photo_2025-09-05_20-54-18.jpg |  | ,TRUE,,,,,,,,,
Катрин,С освещением,"Самая широкая елка по диаметру нижних веток. Имеет правильную крону и густую хвою. Дополнена встроенной гирляндой теплого свечения, без режимов мигания.",44 000 ₽,185 см,158 см,985 шт,-30%,44 000 ₽,62858,3,https://lady-elka.ru/d/photo_2025-09-05_21-42-19.jpg | https://lady-elka.ru/d/photo_2025-09-05_21-42-08.jpg | https://lady-elka.ru/d/photo_2025-09-05_20-54-23.jpg | https://lady-elka.ru/d/photo_2025-09-05_20-54-18.jpg |  | ,TRUE,,,,,,,,,
Катрин,С освещением,"Самая широкая елка по диаметру нижних веток. Имеет правильную крону и густую хвою. Дополнена встроенной гирляндой теплого свечения, без режимов мигания.",59 000 ₽,215 см,170 см,1273 шт,-30%,59 000 ₽,84286,3,https://lady-elka.ru/d/photo_2025-09-05_21-42-19.jpg | https://lady-elka.ru/d/photo_2025-09-05_21-42-08.jpg | https://lady-elka.ru/d/photo_2025-09-05_20-54-23.jpg | https://lady-elka.ru/d/photo_2025-09-05_20-54-18.jpg |  | ,TRUE,,,,,,,,,
Катрин,С освещением,"Самая широкая елка по диаметру нижних веток. Имеет правильную крону и густую хвою. Дополнена встроенной гирляндой теплого свечения, без режимов мигания.",73 000 ₽,230 см,188 см,1665 шт,-30%,73 000 ₽,104286,3,https://lady-elka.ru/d/photo_2025-09-05_21-42-19.jpg | https://lady-elka.ru/d/photo_2025-09-05_21-42-08.jpg | https://lady-elka.ru/d/photo_2025-09-05_20-54-23.jpg | https://lady-elka.ru/d/photo_2025-09-05_20-54-18.jpg |  | ,TRUE,,,,,,,,,
Катрин,С освещением,"Самая широкая елка по диаметру нижних веток. Имеет правильную крону и густую хвою. Дополнена встроенной гирляндой теплого свечения, без режимов мигания.",89 000 ₽,250 см,200 см,2113 шт,-30%,89 000 ₽,127143,3,https://lady-elka.ru/d/photo_2025-09-05_21-42-19.jpg | https://lady-elka.ru/d/photo_2025-09-05_21-42-08.jpg | https://lady-elka.ru/d/photo_2025-09-05_20-54-23.jpg | https://lady-elka.ru/d/photo_2025-09-05_20-54-18.jpg |  | ,TRUE,,,,,,,,,
Катрин,С освещением,"Самая широкая елка по диаметру нижних веток. Имеет правильную крону и густую хвою. Дополнена встроенной гирляндой теплого свечения, без режимов мигания.",103 000 ₽,270 см,212 см,2653 шт,-30%,103 000 ₽,147143,3,https://lady-elka.ru/d/photo_2025-09-05_21-42-19.jpg | https://lady-elka.ru/d/photo_2025-09-05_21-42-08.jpg | https://lady-elka.ru/d/photo_2025-09-05_20-54-23.jpg | https://lady-elka.ru/d/photo_2025-09-05_20-54-18.jpg |  | ,TRUE,,,,,,,,,
Катрин,С освещением,"Самая широкая елка по диаметру нижних веток. Имеет правильную крону и густую хвою. Дополнена встроенной гирляндой теплого свечения, без режимов мигания.",122 000 ₽,300 см,224 см,3253 шт,-30%,122 000 ₽,174286,3,https://lady-elka.ru/d/photo_2025-09-05_21-42-19.jpg | https://lady-elka.ru/d/photo_2025-09-05_21-42-08.jpg | https://lady-elka.ru/d/photo_2025-09-05_20-54-23.jpg | https://lady-elka.ru/d/photo_2025-09-05_20-54-18.jpg |  | ,TRUE,,,,,,,,,
,,,,,,,,,,,,,,,,,,,,,
Катрин,Заснеженная с освещением,"Самая широкая елка по диаметру нижних веток. Имеет правильную крону и густую хвою с хлопковым напылением. Дополнена встроенной гирляндой теплого свечения, без режимов мигания",36 000 ₽,150 см,128 см,565 шт,-30%,36 000 ₽,51429,3,https://lady-elka.ru/d/photo_2025-09-05_21-42-22.jpg | https://lady-elka.ru/d/img_1935.jpg | https://lady-elka.ru/d/photo_2025-09-05_21-13-00.jpg |  |  | ,TRUE,,,,,,,,,
Катрин,Заснеженная с освещением,"Самая широкая елка по диаметру нижних веток. Имеет правильную крону и густую хвою с хлопковым напылением. Дополнена встроенной гирляндой теплого свечения, без режимов мигания",53 000 ₽,185 см,158 см,985 шт,-30%,53 000 ₽,75715,3,https://lady-elka.ru/d/photo_2025-09-05_21-42-22.jpg | https://lady-elka.ru/d/img_1935.jpg | https://lady-elka.ru/d/photo_2025-09-05_21-13-00.jpg |  |  | ,TRUE,,,,,,,,,
Катрин,Заснеженная с освещением,"Самая широкая елка по диаметру нижних веток. Имеет правильную крону и густую хвою с хлопковым напылением. Дополнена встроенной гирляндой теплого свечения, без режимов мигания",69 000 ₽,215 см,170 см,1273 шт,-30%,69 000 ₽,98572,3,https://lady-elka.ru/d/photo_2025-09-05_21-42-22.jpg | https://lady-elka.ru/d/img_1935.jpg | https://lady-elka.ru/d/photo_2025-09-05_21-13-00.jpg |  |  | ,TRUE,,,,,,,,,
Катрин,Заснеженная с освещением,"Самая широкая елка по диаметру нижних веток. Имеет правильную крону и густую хвою с хлопковым напылением. Дополнена встроенной гирляндой теплого свечения, без режимов мигания",83 000 ₽,230 см,188 см,1665 шт,-30%,83 000 ₽,118572,3,https://lady-elka.ru/d/photo_2025-09-05_21-42-22.jpg | https://lady-elka.ru/d/img_1935.jpg | https://lady-elka.ru/d/photo_2025-09-05_21-13-00.jpg |  |  | ,TRUE,,,,,,,,,
Катрин,Заснеженная с освещением,"Самая широкая елка по диаметру нижних веток. Имеет правильную крону и густую хвою с хлопковым напылением. Дополнена встроенной гирляндой теплого свечения, без режимов мигания",102 000 ₽,250 см,200 см,2113 шт,-30%,102 000 ₽,145715,3,https://lady-elka.ru/d/photo_2025-09-05_21-42-22.jpg | https://lady-elka.ru/d/img_1935.jpg | https://lady-elka.ru/d/photo_2025-09-05_21-13-00.jpg |  |  | ,TRUE,,,,,,,,,
Катрин,Заснеженная с освещением,"Самая широкая елка по диаметру нижних веток. Имеет правильную крону и густую хвою с хлопковым напылением. Дополнена встроенной гирляндой теплого свечения, без режимов мигания",116 000 ₽,270 см,212 см,2653 шт,-30%,116 000 ₽,165715,3,https://lady-elka.ru/d/photo_2025-09-05_21-42-22.jpg | https://lady-elka.ru/d/img_1935.jpg | https://lady-elka.ru/d/photo_2025-09-05_21-13-00.jpg |  |  | ,TRUE,,,,,,,,,
Катрин,Заснеженная с освещением,"Самая широкая елка по диаметру нижних веток. Имеет правильную крону и густую хвою с хлопковым напылением. Дополнена встроенной гирляндой теплого свечения, без режимов мигания",132 000 ₽,300 см,224 см,3253 шт,-30%,132 000 ₽,188572,3,https://lady-elka.ru/d/photo_2025-09-05_21-42-22.jpg | https://lady-elka.ru/d/img_1935.jpg | https://lady-elka.ru/d/photo_2025-09-05_21-13-00.jpg |  |  | ,TRUE,,,,,,,,,
,,,,,,,,,,,,,,,,,,,,,
Аврора,Зелёная,"Елка имеет двухцветную светло-зеленую хвою. Одна из самых густых моделей, при этом небольшая в нижнем диаметре",21 000 ₽,155 см,98 см,709 шт,-30%,21 000 ₽,30000,4,https://lady-elka.ru/d/photo_2025-09-05_21-49-30.jpg | https://lady-elka.ru/d/photo_2025-09-05_21-49-40.jpg | https://lady-elka.ru/d/photo_2025-09-05_21-49-37.jpg | https://lady-elka.ru/d/photo_2025-09-05_20-54-23.jpg | https://lady-elka.ru/d/photo_2025-09-05_20-54-18.jpg | ,TRUE,,,,,,,,,
Аврора,Зелёная,"Елка имеет двухцветную светло-зеленую хвою. Одна из самых густых моделей, при этом небольшая в нижнем диаметре",29 000 ₽,185 см,110 см,985 шт,-30%,29 000 ₽,41429,4,https://lady-elka.ru/d/photo_2025-09-05_21-49-30.jpg | https://lady-elka.ru/d/photo_2025-09-05_21-49-40.jpg | https://lady-elka.ru/d/photo_2025-09-05_21-49-37.jpg | https://lady-elka.ru/d/photo_2025-09-05_20-54-23.jpg | https://lady-elka.ru/d/photo_2025-09-05_20-54-18.jpg | ,TRUE,,,,,,,,,
Аврора,Зелёная,"Елка имеет двухцветную светло-зеленую хвою. Одна из самых густых моделей, при этом небольшая в нижнем диаметре",43 000 ₽,215 см,126 см,1481 шт,-30%,43 000 ₽,61429,4,https://lady-elka.ru/d/photo_2025-09-05_21-49-30.jpg | https://lady-elka.ru/d/photo_2025-09-05_21-49-40.jpg | https://lady-elka.ru/d/photo_2025-09-05_21-49-37.jpg | https://lady-elka.ru/d/photo_2025-09-05_20-54-23.jpg | https://lady-elka.ru/d/photo_2025-09-05_20-54-18.jpg | ,TRUE,,,,,,,,,
Аврора,Зелёная,"Елка имеет двухцветную светло-зеленую хвою. Одна из самых густых моделей, при этом небольшая в нижнем диаметре",51 000 ₽,230 см,134 см,1729 шт,-30%,51 000 ₽,72858,4,https://lady-elka.ru/d/photo_2025-09-05_21-49-30.jpg | https://lady-elka.ru/d/photo_2025-09-05_21-49-40.jpg | https://lady-elka.ru/d/photo_2025-09-05_21-49-37.jpg | https://lady-elka.ru/d/photo_2025-09-05_20-54-23.jpg | https://lady-elka.ru/d/photo_2025-09-05_20-54-18.jpg | ,TRUE,,,,,,,,,
Аврора,Зелёная,"Елка имеет двухцветную светло-зеленую хвою. Одна из самых густых моделей, при этом небольшая в нижнем диаметре",61 000 ₽,250 см,140 см,2073 шт,-30%,61 000 ₽,87143,4,https://lady-elka.ru/d/photo_2025-09-05_21-49-30.jpg | https://lady-elka.ru/d/photo_2025-09-05_21-49-40.jpg | https://lady-elka.ru/d/photo_2025-09-05_21-49-37.jpg | https://lady-elka.ru/d/photo_2025-09-05_20-54-23.jpg | https://lady-elka.ru/d/photo_2025-09-05_20-54-18.jpg | ,TRUE,,,,,,,,,
Аврора,Зелёная,"Елка имеет двухцветную светло-зеленую хвою. Одна из самых густых моделей, при этом небольшая в нижнем диаметре",76 000 ₽,270 см,146 см,2537 шт,-30%,76 000 ₽,108572,4,https://lady-elka.ru/d/photo_2025-09-05_21-49-30.jpg | https://lady-elka.ru/d/photo_2025-09-05_21-49-40.jpg | https://lady-elka.ru/d/photo_2025-09-05_21-49-37.jpg | https://lady-elka.ru/d/photo_2025-09-05_20-54-23.jpg | https://lady-elka.ru/d/photo_2025-09-05_20-54-18.jpg | ,TRUE,,,,,,,,,
Аврора,Зелёная,"Елка имеет двухцветную светло-зеленую хвою. Одна из самых густых моделей, при этом небольшая в нижнем диаметре",91 000 ₽,300 см,152 см,3001 шт,-30%,91 000 ₽,130000,4,https://lady-elka.ru/d/photo_2025-09-05_21-49-30.jpg | https://lady-elka.ru/d/photo_2025-09-05_21-49-40.jpg | https://lady-elka.ru/d/photo_2025-09-05_21-49-37.jpg | https://lady-elka.ru/d/photo_2025-09-05_20-54-23.jpg | https://lady-elka.ru/d/photo_2025-09-05_20-54-18.jpg | ,TRUE,,,,,,,,,
,,,,,,,,,,,,,,,,,,,,,
Аврора,С освещением,"Елка имеет двухцветную светло-зеленую хвою. Одна из самых густых моделей, при этом небольшая в нижнем диаметре. Дополнена встроенной гирляндой теплого свечения, без режимов мигания",29 000 ₽,155 см,98 см,709 шт,-30%,29 000 ₽,41429,4,https://lady-elka.ru/d/photo_2025-09-05_21-51-40.jpg | https://lady-elka.ru/d/photo_2025-09-05_20-54-23.jpg | https://lady-elka.ru/d/photo_2025-09-05_20-54-18.jpg |  |  | ,TRUE,,,,,,,,,
Аврора,С освещением,"Елка имеет двухцветную светло-зеленую хвою. Одна из самых густых моделей, при этом небольшая в нижнем диаметре. Дополнена встроенной гирляндой теплого свечения, без режимов мигания",39 000 ₽,185 см,110 см,985 шт,-30%,39 000 ₽,55715,4,https://lady-elka.ru/d/photo_2025-09-05_21-51-40.jpg | https://lady-elka.ru/d/photo_2025-09-05_20-54-23.jpg | https://lady-elka.ru/d/photo_2025-09-05_20-54-18.jpg |  |  | ,TRUE,,,,,,,,,
Аврора,С освещением,"Елка имеет двухцветную светло-зеленую хвою. Одна из самых густых моделей, при этом небольшая в нижнем диаметре. Дополнена встроенной гирляндой теплого свечения, без режимов мигания",58 000 ₽,215 см,126 см,1481 шт,-30%,58 000 ₽,82858,4,https://lady-elka.ru/d/photo_2025-09-05_21-51-40.jpg | https://lady-elka.ru/d/photo_2025-09-05_20-54-23.jpg | https://lady-elka.ru/d/photo_2025-09-05_20-54-18.jpg |  |  | ,TRUE,,,,,,,,,
Аврора,С освещением,"Елка имеет двухцветную светло-зеленую хвою. Одна из самых густых моделей, при этом небольшая в нижнем диаметре. Дополнена встроенной гирляндой теплого свечения, без режимов мигания",71 000 ₽,230 см,134 см,1729 шт,-30%,71 000 ₽,101429,4,https://lady-elka.ru/d/photo_2025-09-05_21-51-40.jpg | https://lady-elka.ru/d/photo_2025-09-05_20-54-23.jpg | https://lady-elka.ru/d/photo_2025-09-05_20-54-18.jpg |  |  | ,TRUE,,,,,,,,,
Аврора,С освещением,"Елка имеет двухцветную светло-зеленую хвою. Одна из самых густых моделей, при этом небольшая в нижнем диаметре. Дополнена встроенной гирляндой теплого свечения, без режимов мигания",83 000 ₽,250 см,140 см,2073 шт,-30%,83 000 ₽,118572,4,https://lady-elka.ru/d/photo_2025-09-05_21-51-40.jpg | https://lady-elka.ru/d/photo_2025-09-05_20-54-23.jpg | https://lady-elka.ru/d/photo_2025-09-05_20-54-18.jpg |  |  | ,TRUE,,,,,,,,,
Аврора,С освещением,"Елка имеет двухцветную светло-зеленую хвою. Одна из самых густых моделей, при этом небольшая в нижнем диаметре. Дополнена встроенной гирляндой теплого свечения, без режимов мигания",102 000 ₽,270 см,146 см,2537 шт,-30%,102 000 ₽,145715,4,https://lady-elka.ru/d/photo_2025-09-05_21-51-40.jpg | https://lady-elka.ru/d/photo_2025-09-05_20-54-23.jpg | https://lady-elka.ru/d/photo_2025-09-05_20-54-18.jpg |  |  | ,TRUE,,,,,,,,,
Аврора,С освещением,"Елка имеет двухцветную светло-зеленую хвою. Одна из самых густых моделей, при этом небольшая в нижнем диаметре. Дополнена встроенной гирляндой теплого свечения, без режимов мигания",123 000 ₽,300 см,152 см,3001 шт,-30%,123 000 ₽,175715,4,https://lady-elka.ru/d/photo_2025-09-05_21-51-40.jpg | https://lady-elka.ru/d/photo_2025-09-05_20-54-23.jpg | https://lady-elka.ru/d/photo_2025-09-05_20-54-18.jpg |  |  | ,TRUE,,,,,,,,,
,,,,,,,,,,,,,,,,,,,,,
Вивиан,Зелёная,"Елочка идеально передает все черты настоящего дерева. Пышность, насыщенный зеленый цвет и идеальная крона - вот что выделяет Вивиан среди других моделей.",23 000 ₽,150 см,108 см,796 шт,-30%,23 000 ₽,32858,5,https://lady-elka.ru/d/photo_2025-09-06_20-59-34.jpg | https://lady-elka.ru/d/photo_2025-09-06_20-59-22.jpg | https://lady-elka.ru/d/photo_2025-09-06_20-59-30.jpg | https://lady-elka.ru/d/photo_2025-09-05_20-54-23.jpg | https://lady-elka.ru/d/photo_2025-09-05_20-54-18.jpg | ,TRUE,,,,,,,,,
Вивиан,Зелёная,"Елочка идеально передает все черты настоящего дерева. Пышность, насыщенный зеленый цвет и идеальная крона - вот что выделяет Вивиан среди других моделей.",32 000 ₽,185 см,118 см,1132 шт,-30%,32 000 ₽,45715,5,https://lady-elka.ru/d/photo_2025-09-06_20-59-34.jpg | https://lady-elka.ru/d/photo_2025-09-06_20-59-22.jpg | https://lady-elka.ru/d/photo_2025-09-06_20-59-30.jpg | https://lady-elka.ru/d/photo_2025-09-05_20-54-23.jpg | https://lady-elka.ru/d/photo_2025-09-05_20-54-18.jpg | ,TRUE,,,,,,,,,
Вивиан,Зелёная,"Елочка идеально передает все черты настоящего дерева. Пышность, насыщенный зеленый цвет и идеальная крона - вот что выделяет Вивиан среди других моделей.",45 000 ₽,215 см,134 см,1564 шт,-30%,45 000 ₽,64286,5,https://lady-elka.ru/d/photo_2025-09-06_20-59-34.jpg | https://lady-elka.ru/d/photo_2025-09-06_20-59-22.jpg | https://lady-elka.ru/d/photo_2025-09-06_20-59-30.jpg | https://lady-elka.ru/d/photo_2025-09-05_20-54-23.jpg | https://lady-elka.ru/d/photo_2025-09-05_20-54-18.jpg | ,TRUE,,,,,,,,,
Вивиан,Зелёная,"Елочка идеально передает все черты настоящего дерева. Пышность, насыщенный зеленый цвет и идеальная крона - вот что выделяет Вивиан среди других моделей.",53 000 ₽,230 см,146 см,1900 шт,-30%,53 000 ₽,75715,5,https://lady-elka.ru/d/photo_2025-09-06_20-59-34.jpg | https://lady-elka.ru/d/photo_2025-09-06_20-59-22.jpg | https://lady-elka.ru/d/photo_2025-09-06_20-59-30.jpg | https://lady-elka.ru/d/photo_2025-09-05_20-54-23.jpg | https://lady-elka.ru/d/photo_2025-09-05_20-54-18.jpg | ,TRUE,,,,,,,,,
,,,,,,,,,,,,,,,,,,,,,
Бетти,Зелёная,Главной особенностью Бетти являются длинные иголки. Модель состоит из широких веточек с темно-зеленой хвоей,20 900 ₽,150 см,126 см,720 шт,-30%,20 900 ₽,29858,6,https://lady-elka.ru/d/photo_2025-09-06_21-06-48.jpg | https://lady-elka.ru/d/photo_2025-09-06_21-06-41.jpg | https://lady-elka.ru/d/photo_2025-09-06_21-06-52.jpg | https://lady-elka.ru/d/photo_2025-09-06_21-06-15.jpg | https://lady-elka.ru/d/photo_2025-09-05_20-54-23.jpg | https://lady-elka.ru/d/photo_2025-09-05_20-54-18.jpg,TRUE,,,,,,,,,
Бетти,Зелёная,Главной особенностью Бетти являются длинные иголки. Модель состоит из широких веточек с темно-зеленой хвоей,29 000 ₽,185 см,140 см,1084 шт,-30%,29 000 ₽,41429,6,https://lady-elka.ru/d/photo_2025-09-06_21-06-48.jpg | https://lady-elka.ru/d/photo_2025-09-06_21-06-41.jpg | https://lady-elka.ru/d/photo_2025-09-06_21-06-52.jpg | https://lady-elka.ru/d/photo_2025-09-06_21-06-15.jpg | https://lady-elka.ru/d/photo_2025-09-05_20-54-23.jpg | https://lady-elka.ru/d/photo_2025-09-05_20-54-18.jpg,TRUE,,,,,,,,,
Бетти,Зелёная,Главной особенностью Бетти являются длинные иголки. Модель состоит из широких веточек с темно-зеленой хвоей,42 000 ₽,215 см,158 см,1496 шт,-30%,42 000 ₽,60000,6,https://lady-elka.ru/d/photo_2025-09-06_21-06-48.jpg | https://lady-elka.ru/d/photo_2025-09-06_21-06-41.jpg | https://lady-elka.ru/d/photo_2025-09-06_21-06-52.jpg | https://lady-elka.ru/d/photo_2025-09-06_21-06-15.jpg | https://lady-elka.ru/d/photo_2025-09-05_20-54-23.jpg | https://lady-elka.ru/d/photo_2025-09-05_20-54-18.jpg,TRUE,,,,,,,,,
Бетти,Зелёная,Главной особенностью Бетти являются длинные иголки. Модель состоит из широких веточек с темно-зеленой хвоей,50 900 ₽,230 см,164 см,1752 шт,-30%,50 900 ₽,72715,6,https://lady-elka.ru/d/photo_2025-09-06_21-06-48.jpg | https://lady-elka.ru/d/photo_2025-09-06_21-06-41.jpg | https://lady-elka.ru/d/photo_2025-09-06_21-06-52.jpg | https://lady-elka.ru/d/photo_2025-09-06_21-06-15.jpg | https://lady-elka.ru/d/photo_2025-09-05_20-54-23.jpg | https://lady-elka.ru/d/photo_2025-09-05_20-54-18.jpg,TRUE,,,,,,,,,
Бетти,Зелёная,Главной особенностью Бетти являются длинные иголки. Модель состоит из широких веточек с темно-зеленой хвоей,60 000 ₽,250 см,170 см,2048 шт,-30%,60 000 ₽,85715,6,https://lady-elka.ru/d/photo_2025-09-06_21-06-48.jpg | https://lady-elka.ru/d/photo_2025-09-06_21-06-41.jpg | https://lady-elka.ru/d/photo_2025-09-06_21-06-52.jpg | https://lady-elka.ru/d/photo_2025-09-06_21-06-15.jpg | https://lady-elka.ru/d/photo_2025-09-05_20-54-23.jpg | https://lady-elka.ru/d/photo_2025-09-05_20-54-18.jpg,TRUE,,,,,,,,,
Бетти,Зелёная,Главной особенностью Бетти являются длинные иголки. Модель состоит из широких веточек с темно-зеленой хвоей,69 000 ₽,270 см,178 см,2368 шт,-30%,69 000 ₽,98572,6,https://lady-elka.ru/d/photo_2025-09-06_21-06-48.jpg | https://lady-elka.ru/d/photo_2025-09-06_21-06-41.jpg | https://lady-elka.ru/d/photo_2025-09-06_21-06-52.jpg | https://lady-elka.ru/d/photo_2025-09-06_21-06-15.jpg | https://lady-elka.ru/d/photo_2025-09-05_20-54-23.jpg | https://lady-elka.ru/d/photo_2025-09-05_20-54-18.jpg,TRUE,,,,,,,,,
Бетти,Зелёная,Главной особенностью Бетти являются длинные иголки. Модель состоит из широких веточек с темно-зеленой хвоей,96 000 ₽,300 см,192 см,3118 шт,-30%,96 000 ₽,137143,6,https://lady-elka.ru/d/photo_2025-09-06_21-06-48.jpg | https://lady-elka.ru/d/photo_2025-09-06_21-06-41.jpg | https://lady-elka.ru/d/photo_2025-09-06_21-06-52.jpg | https://lady-elka.ru/d/photo_2025-09-06_21-06-15.jpg | https://lady-elka.ru/d/photo_2025-09-05_20-54-23.jpg | https://lady-elka.ru/d/photo_2025-09-05_20-54-18.jpg,TRUE,,,,,,,,,
,,,,,,,,,,,,,,,,,,,,,
Афина,Заснеженная,"Заснеженная ель с густой кроной. Относится к категории комбинированных — приствольное пространство выполнено из ПВХ, все внешние веточки литые",17 000 ₽,155 см,116 см,639 шт,-30%,17 000 ₽,24286,7,https://lady-elka.ru/d/photo_2025-09-06_21-15-31.jpg | https://lady-elka.ru/d/photo_2025-09-06_21-15-58.jpg | https://lady-elka.ru/d/photo_2025-09-06_21-17-25.jpg |  |  | ,TRUE,,,,,,,,,
Афина,Заснеженная,"Заснеженная ель с густой кроной. Относится к категории комбинированных — приствольное пространство выполнено из ПВХ, все внешние веточки литые",24 000 ₽,185 см,130 см,927 шт,-30%,24 000 ₽,34286,7,https://lady-elka.ru/d/photo_2025-09-06_21-15-31.jpg | https://lady-elka.ru/d/photo_2025-09-06_21-15-58.jpg | https://lady-elka.ru/d/photo_2025-09-06_21-17-25.jpg |  |  | ,TRUE,,,,,,,,,
Афина,Заснеженная,"Заснеженная ель с густой кроной. Относится к категории комбинированных — приствольное пространство выполнено из ПВХ, все внешние веточки литые",31 000 ₽,215 см,148 см,1367 шт,-30%,31 000 ₽,44286,7,https://lady-elka.ru/d/photo_2025-09-06_21-15-31.jpg | https://lady-elka.ru/d/photo_2025-09-06_21-15-58.jpg | https://lady-elka.ru/d/photo_2025-09-06_21-17-25.jpg |  |  | ,TRUE,,,,,,,,,
Афина,Заснеженная,"Заснеженная ель с густой кроной. Относится к категории комбинированных — приствольное пространство выполнено из ПВХ, все внешние веточки литые",37 000 ₽,230 см,154 см,1599 шт,-30%,37 000 ₽,52858,7,https://lady-elka.ru/d/photo_2025-09-06_21-15-31.jpg | https://lady-elka.ru/d/photo_2025-09-06_21-15-58.jpg | https://lady-elka.ru/d/photo_2025-09-06_21-17-25.jpg |  |  | ,TRUE,,,,,,,,,
Афина,Заснеженная,"Заснеженная ель с густой кроной. Относится к категории комбинированных — приствольное пространство выполнено из ПВХ, все внешние веточки литые",47 000 ₽,250 см,160 см,1895 шт,-30%,47 000 ₽,67143,7,https://lady-elka.ru/d/photo_2025-09-06_21-15-31.jpg | https://lady-elka.ru/d/photo_2025-09-06_21-15-58.jpg | https://lady-elka.ru/d/photo_2025-09-06_21-17-25.jpg |  |  | ,TRUE,,,,,,,,,
Афина,Заснеженная,"Заснеженная ель с густой кроной. Относится к категории комбинированных — приствольное пространство выполнено из ПВХ, все внешние веточки литые",56 000 ₽,270 см,168 см,2511 шт,-30%,56 000 ₽,80000,7,https://lady-elka.ru/d/photo_2025-09-06_21-15-31.jpg | https://lady-elka.ru/d/photo_2025-09-06_21-15-58.jpg | https://lady-elka.ru/d/photo_2025-09-06_21-17-25.jpg |  |  | ,TRUE,,,,,,,,,
Афина,Заснеженная,"Заснеженная ель с густой кроной. Относится к категории комбинированных — приствольное пространство выполнено из ПВХ, все внешние веточки литые",66 000 ₽,300 см,182 см,2941 шт,-30%,66 000 ₽,94286,7,https://lady-elka.ru/d/photo_2025-09-06_21-15-31.jpg | https://lady-elka.ru/d/photo_2025-09-06_21-15-58.jpg | https://lady-elka.ru/d/photo_2025-09-06_21-17-25.jpg |  |  | ,TRUE,,,,,,,,,
,,,,,,,,,,,,,,,,,,,,,
Афина,Заснеженная с освещением,"Заснеженная ель с густой кроной. Относится к категории комбинированных — приствольное пространство выполнено из ПВХ, все внешние веточки литые. Дополнена встроенной гирляндой теплого свечения, без режимов мигания",22 800 ₽,155 см,116 см,639 шт,-30%,22 800 ₽,32572,7,https://lady-elka.ru/d/photo_2025-09-06_21-16-20.jpg | https://lady-elka.ru/d/photo_2025-09-06_21-20-01.jpg | https://lady-elka.ru/d/photo_2025-09-06_21-19-56.jpg |  |  | ,TRUE,,,,,,,,,
Афина,Заснеженная с освещением,"Заснеженная ель с густой кроной. Относится к категории комбинированных — приствольное пространство выполнено из ПВХ, все внешние веточки литые. Дополнена встроенной гирляндой теплого свечения, без режимов мигания",31 900 ₽,185 см,130 см,927 шт,-30%,31 900 ₽,45572,7,https://lady-elka.ru/d/photo_2025-09-06_21-16-20.jpg | https://lady-elka.ru/d/photo_2025-09-06_21-20-01.jpg | https://lady-elka.ru/d/photo_2025-09-06_21-19-56.jpg |  |  | ,TRUE,,,,,,,,,
Афина,Заснеженная с освещением,"Заснеженная ель с густой кроной. Относится к категории комбинированных — приствольное пространство выполнено из ПВХ, все внешние веточки литые. Дополнена встроенной гирляндой теплого свечения, без режимов мигания",41 000 ₽,215 см,148 см,1367 шт,-30%,41 000 ₽,58572,7,https://lady-elka.ru/d/photo_2025-09-06_21-16-20.jpg | https://lady-elka.ru/d/photo_2025-09-06_21-20-01.jpg | https://lady-elka.ru/d/photo_2025-09-06_21-19-56.jpg |  |  | ,TRUE,,,,,,,,,
Афина,Заснеженная с освещением,"Заснеженная ель с густой кроной. Относится к категории комбинированных — приствольное пространство выполнено из ПВХ, все внешние веточки литые. Дополнена встроенной гирляндой теплого свечения, без режимов мигания",46 000 ₽,230 см,154 см,1599 шт,-30%,46 000 ₽,65715,7,https://lady-elka.ru/d/photo_2025-09-06_21-16-20.jpg | https://lady-elka.ru/d/photo_2025-09-06_21-20-01.jpg | https://lady-elka.ru/d/photo_2025-09-06_21-19-56.jpg |  |  | ,TRUE,,,,,,,,,
Афина,Заснеженная с освещением,"Заснеженная ель с густой кроной. Относится к категории комбинированных — приствольное пространство выполнено из ПВХ, все внешние веточки литые. Дополнена встроенной гирляндой теплого свечения, без режимов мигания",53 000 ₽,250 см,160 см,1895 шт,-30%,53 000 ₽,75715,7,https://lady-elka.ru/d/photo_2025-09-06_21-16-20.jpg | https://lady-elka.ru/d/photo_2025-09-06_21-20-01.jpg | https://lady-elka.ru/d/photo_2025-09-06_21-19-56.jpg |  |  | ,TRUE,,,,,,,,,
Афина,Заснеженная с освещением,"Заснеженная ель с густой кроной. Относится к категории комбинированных — приствольное пространство выполнено из ПВХ, все внешние веточки литые. Дополнена встроенной гирляндой теплого свечения, без режимов мигания",64 000 ₽,270 см,168 см,2511 шт,-30%,64 000 ₽,91429,7,https://lady-elka.ru/d/photo_2025-09-06_21-16-20.jpg | https://lady-elka.ru/d/photo_2025-09-06_21-20-01.jpg | https://lady-elka.ru/d/photo_2025-09-06_21-19-56.jpg |  |  | ,TRUE,,,,,,,,,
Афина,Заснеженная с освещением,"Заснеженная ель с густой кроной. Относится к категории комбинированных — приствольное пространство выполнено из ПВХ, все внешние веточки литые. Дополнена встроенной гирляндой теплого свечения, без режимов мигания",82 000 ₽,300 см,182 см,2941 шт,-30%,82 000 ₽,117143,7,https://lady-elka.ru/d/photo_2025-09-06_21-16-20.jpg | https://lady-elka.ru/d/photo_2025-09-06_21-20-01.jpg | https://lady-elka.ru/d/photo_2025-09-06_21-19-56.jpg |  |  | ,TRUE,,,,,,,,,
,,,,,,,,,,,,,,,,,,,,,
Камелия,Зелёная,"Главной особенностью Камелии являются длинные иголки. Елка смотрится потрясающе, благодаря традиционному треугольному силуэту и объемной, пышной кроне. Имеет неширокий диаметр нижних веточек и темно-зеленую хвою",20 800 ₽,150 см,116 см,644 шт,-30%,20 800 ₽,29715,8,https://lady-elka.ru/d/photo_2025-09-06_21-28-32.jpg | https://lady-elka.ru/d/photo_2025-09-06_21-28-46.jpg | https://lady-elka.ru/d/photo_2025-09-06_21-28-42.jpg | https://lady-elka.ru/d/photo_2025-09-05_20-54-23.jpg | https://lady-elka.ru/d/photo_2025-09-05_20-54-18.jpg | ,TRUE,,,,,,,,,
Камелия,Зелёная,"Главной особенностью Камелии являются длинные иголки. Елка смотрится потрясающе, благодаря традиционному треугольному силуэту и объемной, пышной кроне. Имеет неширокий диаметр нижних веточек и темно-зеленую хвою",25 700 ₽,185 см,130 см,932 шт,-30%,25 700 ₽,36715,8,https://lady-elka.ru/d/photo_2025-09-06_21-28-32.jpg | https://lady-elka.ru/d/photo_2025-09-06_21-28-46.jpg | https://lady-elka.ru/d/photo_2025-09-06_21-28-42.jpg | https://lady-elka.ru/d/photo_2025-09-05_20-54-23.jpg | https://lady-elka.ru/d/photo_2025-09-05_20-54-18.jpg | ,TRUE,,,,,,,,,
Камелия,Зелёная,"Главной особенностью Камелии являются длинные иголки. Елка смотрится потрясающе, благодаря традиционному треугольному силуэту и объемной, пышной кроне. Имеет неширокий диаметр нижних веточек и темно-зеленую хвою",36 700 ₽,215 см,148 см,1388 шт,-30%,36 700 ₽,52429,8,https://lady-elka.ru/d/photo_2025-09-06_21-28-32.jpg | https://lady-elka.ru/d/photo_2025-09-06_21-28-46.jpg | https://lady-elka.ru/d/photo_2025-09-06_21-28-42.jpg | https://lady-elka.ru/d/photo_2025-09-05_20-54-23.jpg | https://lady-elka.ru/d/photo_2025-09-05_20-54-18.jpg | ,TRUE,,,,,,,,,
Камелия,Зелёная,"Главной особенностью Камелии являются длинные иголки. Елка смотрится потрясающе, благодаря традиционному треугольному силуэту и объемной, пышной кроне. Имеет неширокий диаметр нижних веточек и темно-зеленую хвою",42 800 ₽,230 см,154 см,1628 шт,-30%,42 800 ₽,61143,8,https://lady-elka.ru/d/photo_2025-09-06_21-28-32.jpg | https://lady-elka.ru/d/photo_2025-09-06_21-28-46.jpg | https://lady-elka.ru/d/photo_2025-09-06_21-28-42.jpg | https://lady-elka.ru/d/photo_2025-09-05_20-54-23.jpg | https://lady-elka.ru/d/photo_2025-09-05_20-54-18.jpg | ,TRUE,,,,,,,,,
Камелия,Зелёная,"Главной особенностью Камелии являются длинные иголки. Елка смотрится потрясающе, благодаря традиционному треугольному силуэту и объемной, пышной кроне. Имеет неширокий диаметр нижних веточек и темно-зеленую хвою",54 900 ₽,250 см,160 см,1916 шт,-30%,54 900 ₽,78429,8,https://lady-elka.ru/d/photo_2025-09-06_21-28-32.jpg | https://lady-elka.ru/d/photo_2025-09-06_21-28-46.jpg | https://lady-elka.ru/d/photo_2025-09-06_21-28-42.jpg | https://lady-elka.ru/d/photo_2025-09-05_20-54-23.jpg | https://lady-elka.ru/d/photo_2025-09-05_20-54-18.jpg | ,TRUE,,,,,,,,,
Камелия,Зелёная,"Главной особенностью Камелии являются длинные иголки. Елка смотрится потрясающе, благодаря традиционному треугольному силуэту и объемной, пышной кроне. Имеет неширокий диаметр нижних веточек и темно-зеленую хвою",62 900 ₽,270 см,168 см,2516 шт,-30%,62 900 ₽,89858,8,https://lady-elka.ru/d/photo_2025-09-06_21-28-32.jpg | https://lady-elka.ru/d/photo_2025-09-06_21-28-46.jpg | https://lady-elka.ru/d/photo_2025-09-06_21-28-42.jpg | https://lady-elka.ru/d/photo_2025-09-05_20-54-23.jpg | https://lady-elka.ru/d/photo_2025-09-05_20-54-18.jpg | ,TRUE,,,,,,,,,
Камелия,Зелёная,"Главной особенностью Камелии являются длинные иголки. Елка смотрится потрясающе, благодаря традиционному треугольному силуэту и объемной, пышной кроне. Имеет неширокий диаметр нижних веточек и темно-зеленую хвою",73 000 ₽,300 см,182 см,3140 шт,-30%,73 000 ₽,104286,8,https://lady-elka.ru/d/photo_2025-09-06_21-28-32.jpg | https://lady-elka.ru/d/photo_2025-09-06_21-28-46.jpg | https://lady-elka.ru/d/photo_2025-09-06_21-28-42.jpg | https://lady-elka.ru/d/photo_2025-09-05_20-54-23.jpg | https://lady-elka.ru/d/photo_2025-09-05_20-54-18.jpg | ,TRUE,,,,,,,,,
,,,,,,,,,,,,,,,,,,,,,
Берта,Зелёная,"Одна из самых широких моделей. Обладает реалистичным внешним видом, благодаря точной передаче структуры хвои и ветвей",28 000 ₽,180 см,154 см,943 шт,-30%,28 000 ₽,40000,9,https://lady-elka.ru/d/photo_2025-09-06_21-35-24.jpg | https://lady-elka.ru/d/photo_2025-09-06_21-35-30.jpg | https://lady-elka.ru/d/photo_2025-09-06_21-35-34.jpg | https://lady-elka.ru/d/photo_2025-09-05_20-54-23.jpg | https://lady-elka.ru/d/photo_2025-09-05_20-54-18.jpg | ,TRUE,,,,,,,,,
Берта,Зелёная,"Одна из самых широких моделей. Обладает реалистичным внешним видом, благодаря точной передаче структуры хвои и ветвей",37 000 ₽,210 см,166 см,1255 шт,-30%,37 000 ₽,52858,9,https://lady-elka.ru/d/photo_2025-09-06_21-35-24.jpg | https://lady-elka.ru/d/photo_2025-09-06_21-35-30.jpg | https://lady-elka.ru/d/photo_2025-09-06_21-35-34.jpg | https://lady-elka.ru/d/photo_2025-09-05_20-54-23.jpg | https://lady-elka.ru/d/photo_2025-09-05_20-54-18.jpg | ,TRUE,,,,,,,,,
Берта,Зелёная,"Одна из самых широких моделей. Обладает реалистичным внешним видом, благодаря точной передаче структуры хвои и ветвей",51 000 ₽,230 см,184 см,1603 шт,-30%,51 000 ₽,72858,9,https://lady-elka.ru/d/photo_2025-09-06_21-35-24.jpg | https://lady-elka.ru/d/photo_2025-09-06_21-35-30.jpg | https://lady-elka.ru/d/photo_2025-09-06_21-35-34.jpg | https://lady-elka.ru/d/photo_2025-09-05_20-54-23.jpg | https://lady-elka.ru/d/photo_2025-09-05_20-54-18.jpg | ,TRUE,,,,,,,,,
Берта,Зелёная,"Одна из самых широких моделей. Обладает реалистичным внешним видом, благодаря точной передаче структуры хвои и ветвей",61 000 ₽,250 см,196 см,2051 шт,-30%,61 000 ₽,87143,9,https://lady-elka.ru/d/photo_2025-09-06_21-35-24.jpg | https://lady-elka.ru/d/photo_2025-09-06_21-35-30.jpg | https://lady-elka.ru/d/photo_2025-09-06_21-35-34.jpg | https://lady-elka.ru/d/photo_2025-09-05_20-54-23.jpg | https://lady-elka.ru/d/photo_2025-09-05_20-54-18.jpg | ,TRUE,,,,,,,,,
Берта,Зелёная,"Одна из самых широких моделей. Обладает реалистичным внешним видом, благодаря точной передаче структуры хвои и ветвей",77 000 ₽,270 см,208 см,2707 шт,-30%,77 000 ₽,110000,9,https://lady-elka.ru/d/photo_2025-09-06_21-35-24.jpg | https://lady-elka.ru/d/photo_2025-09-06_21-35-30.jpg | https://lady-elka.ru/d/photo_2025-09-06_21-35-34.jpg | https://lady-elka.ru/d/photo_2025-09-05_20-54-23.jpg | https://lady-elka.ru/d/photo_2025-09-05_20-54-18.jpg | ,TRUE,,,,,,,,,
Берта,Зелёная,"Одна из самых широких моделей. Обладает реалистичным внешним видом, благодаря точной передаче структуры хвои и ветвей",92 000 ₽,300 см,220 см,3235 шт,-30%,92 000 ₽,131429,9,https://lady-elka.ru/d/photo_2025-09-06_21-35-24.jpg | https://lady-elka.ru/d/photo_2025-09-06_21-35-30.jpg | https://lady-elka.ru/d/photo_2025-09-06_21-35-34.jpg | https://lady-elka.ru/d/photo_2025-09-05_20-54-23.jpg | https://lady-elka.ru/d/photo_2025-09-05_20-54-18.jpg | ,TRUE,,,,,,,,,
,,,,,,,,,,,,,,,,,,,,,
Сильвия,Зелёная,"Самое главное отличие Сильвии — двухцветные ветки, зеленые у основания и голубые на кончиках. Компактный нижний диаметр позволяет устанавливать елочку как в просторных, так и в небольших помещениях",16 000 ₽,150 см,98 см,457 шт,-30%,16 000 ₽,22858,10,https://lady-elka.ru/d/photo_2025-09-06_21-40-16.jpg | https://lady-elka.ru/d/photo_2025-09-06_21-40-09.jpg | https://lady-elka.ru/d/photo_2025-09-05_20-54-23.jpg | https://lady-elka.ru/d/photo_2025-09-05_20-54-18.jpg | https://lady-elka.ru/d/photo_2026-09-10_11-29-57.jpg | ,TRUE,,,,,,,,,
Сильвия,Зелёная,"Самое главное отличие Сильвии — двухцветные ветки, зеленые у основания и голубые на кончиках. Компактный нижний диаметр позволяет устанавливать елочку как в просторных, так и в небольших помещениях",24 000 ₽,185 см,110 см,793 шт,-30%,24 000 ₽,34286,10,https://lady-elka.ru/d/photo_2025-09-06_21-40-16.jpg | https://lady-elka.ru/d/photo_2025-09-06_21-40-09.jpg | https://lady-elka.ru/d/photo_2025-09-05_20-54-23.jpg | https://lady-elka.ru/d/photo_2025-09-05_20-54-18.jpg | https://lady-elka.ru/d/photo_2026-09-10_11-29-57.jpg | ,TRUE,,,,,,,,,
Сильвия,Зелёная,"Самое главное отличие Сильвии — двухцветные ветки, зеленые у основания и голубые на кончиках. Компактный нижний диаметр позволяет устанавливать елочку как в просторных, так и в небольших помещениях",38 000 ₽,215 см,126 см,1163 шт,-30%,38 000 ₽,54286,10,https://lady-elka.ru/d/photo_2025-09-06_21-40-16.jpg | https://lady-elka.ru/d/photo_2025-09-06_21-40-09.jpg | https://lady-elka.ru/d/photo_2025-09-05_20-54-23.jpg | https://lady-elka.ru/d/photo_2025-09-05_20-54-18.jpg | https://lady-elka.ru/d/photo_2026-09-10_11-29-57.jpg | ,TRUE,,,,,,,,,
Сильвия,Зелёная,"Самое главное отличие Сильвии — двухцветные ветки, зеленые у основания и голубые на кончиках. Компактный нижний диаметр позволяет устанавливать елочку как в просторных, так и в небольших помещениях",46 000 ₽,230 см,134 см,1403 шт,-30%,46 000 ₽,65715,10,https://lady-elka.ru/d/photo_2025-09-06_21-40-16.jpg | https://lady-elka.ru/d/photo_2025-09-06_21-40-09.jpg | https://lady-elka.ru/d/photo_2025-09-05_20-54-23.jpg | https://lady-elka.ru/d/photo_2025-09-05_20-54-18.jpg | https://lady-elka.ru/d/photo_2026-09-10_11-29-57.jpg | ,TRUE,,,,,,,,,
Сильвия,Зелёная,"Самое главное отличие Сильвии — двухцветные ветки, зеленые у основания и голубые на кончиках. Компактный нижний диаметр позволяет устанавливать елочку как в просторных, так и в небольших помещениях",54 000 ₽,250 см,140 см,1843 шт,-30%,54 000 ₽,77143,10,https://lady-elka.ru/d/photo_2025-09-06_21-40-16.jpg | https://lady-elka.ru/d/photo_2025-09-06_21-40-09.jpg | https://lady-elka.ru/d/photo_2025-09-05_20-54-23.jpg | https://lady-elka.ru/d/photo_2025-09-05_20-54-18.jpg | https://lady-elka.ru/d/photo_2026-09-10_11-29-57.jpg | ,TRUE,,,,,,,,,
Сильвия,Зелёная,"Самое главное отличие Сильвии — двухцветные ветки, зеленые у основания и голубые на кончиках. Компактный нижний диаметр позволяет устанавливать елочку как в просторных, так и в небольших помещениях",66 000 ₽,270 см,146 см,2123 шт,-30%,66 000 ₽,94286,10,https://lady-elka.ru/d/photo_2025-09-06_21-40-16.jpg | https://lady-elka.ru/d/photo_2025-09-06_21-40-09.jpg | https://lady-elka.ru/d/photo_2025-09-05_20-54-23.jpg | https://lady-elka.ru/d/photo_2025-09-05_20-54-18.jpg | https://lady-elka.ru/d/photo_2026-09-10_11-29-57.jpg | ,TRUE,,,,,,,,,
,,,,,,,,,,,,,,,,,,,,,
Венди,Зелёная,"Самая узкая модель в магазине «Леди-Елка». Очень плотная густая хвоя и идеальная симметрия ветвей. Именно она сможет по-настоящему украсить спальню, детскую комнату или квартиру-студию",15 000 ₽,150 см,90 см,340 шт,-30%,15 000 ₽,21429,11,https://lady-elka.ru/d/photo_2025-09-06_21-45-29.jpg | https://lady-elka.ru/d/photo_2025-09-05_20-54-23.jpg | https://lady-elka.ru/d/photo_2025-09-05_20-54-18.jpg |  |  | ,TRUE,,,,,,,,,
Венди,Зелёная,"Самая узкая модель в магазине «Леди-Елка». Очень плотная густая хвоя и идеальная симметрия ветвей. Именно она сможет по-настоящему украсить спальню, детскую комнату или квартиру-студию",18 700 ₽,180 см,98 см,484 шт,-30%,18 700 ₽,26715,11,https://lady-elka.ru/d/photo_2025-09-06_21-45-29.jpg | https://lady-elka.ru/d/photo_2025-09-05_20-54-23.jpg | https://lady-elka.ru/d/photo_2025-09-05_20-54-18.jpg |  |  | ,TRUE,,,,,,,,,
Венди,Зелёная,"Самая узкая модель в магазине «Леди-Елка». Очень плотная густая хвоя и идеальная симметрия ветвей. Именно она сможет по-настоящему украсить спальню, детскую комнату или квартиру-студию",25 000 ₽,210 см,104 см,664 шт,-30%,25 000 ₽,35715,11,https://lady-elka.ru/d/photo_2025-09-06_21-45-29.jpg | https://lady-elka.ru/d/photo_2025-09-05_20-54-23.jpg | https://lady-elka.ru/d/photo_2025-09-05_20-54-18.jpg |  |  | ,TRUE,,,,,,,,,
Венди,Зелёная,"Самая узкая модель в магазине «Леди-Елка». Очень плотная густая хвоя и идеальная симметрия ветвей. Именно она сможет по-настоящему украсить спальню, детскую комнату или квартиру-студию",32 000 ₽,230 см,110 см,832 шт,-30%,32 000 ₽,45715,11,https://lady-elka.ru/d/photo_2025-09-06_21-45-29.jpg | https://lady-elka.ru/d/photo_2025-09-05_20-54-23.jpg | https://lady-elka.ru/d/photo_2025-09-05_20-54-18.jpg |  |  | ,TRUE,,,,,,,,,
Венди,Зелёная,"Самая узкая модель в магазине «Леди-Елка». Очень плотная густая хвоя и идеальная симметрия ветвей. Именно она сможет по-настоящему украсить спальню, детскую комнату или квартиру-студию",43 000 ₽,250 см,122 см,1192 шт,-30%,43 000 ₽,61429,11,https://lady-elka.ru/d/photo_2025-09-06_21-45-29.jpg | https://lady-elka.ru/d/photo_2025-09-05_20-54-23.jpg | https://lady-elka.ru/d/photo_2025-09-05_20-54-18.jpg |  |  | ,TRUE,,,,,,,,,
Венди,Зелёная,"Самая узкая модель в магазине «Леди-Елка». Очень плотная густая хвоя и идеальная симметрия ветвей. Именно она сможет по-настоящему украсить спальню, детскую комнату или квартиру-студию",51 000 ₽,270 см,128 см,1384 шт,-30%,51 000 ₽,72858,11,https://lady-elka.ru/d/photo_2025-09-06_21-45-29.jpg | https://lady-elka.ru/d/photo_2025-09-05_20-54-23.jpg | https://lady-elka.ru/d/photo_2025-09-05_20-54-18.jpg |  |  | ,TRUE,,,,,,,,,
Венди,Зелёная,"Самая узкая модель в магазине «Леди-Елка». Очень плотная густая хвоя и идеальная симметрия ветвей. Именно она сможет по-настоящему украсить спальню, детскую комнату или квартиру-студию",66 000 ₽,300 см,140 см,1888 шт,-30%,66 000 ₽,94286,11,https://lady-elka.ru/d/photo_2025-09-06_21-45-29.jpg | https://lady-elka.ru/d/photo_2025-09-05_20-54-23.jpg | https://lady-elka.ru/d/photo_2025-09-05_20-54-18.jpg |  |  | ,TRUE,,,,,,,,,
,,,,,,,,,,,,,,,,,,,,,
Венди,Заснеженная,"Самая узкая модель в магазине «Леди-Елка». Очень плотная густая хвоя и идеальная симметрия ветвей. Именно она сможет по-настоящему украсить спальню, детскую комнату или квартиру-студию",18 000 ₽,150 см,90 см,340 шт,-30%,18 000 ₽,25715,11,https://lady-elka.ru/d/photo_2025-09-06_21-45-53.jpg | https://lady-elka.ru/d/photo_2025-09-06_21-45-47.jpg | https://lady-elka.ru/d/img_1935.jpg | https://lady-elka.ru/d/photo_2025-09-05_21-13-00.jpg |  | ,TRUE,,,,,,,,,
Венди,Заснеженная,"Самая узкая модель в магазине «Леди-Елка». Очень плотная густая хвоя и идеальная симметрия ветвей. Именно она сможет по-настоящему украсить спальню, детскую комнату или квартиру-студию",22 000 ₽,180 см,98 см,484 шт,-30%,22 000 ₽,31429,11,https://lady-elka.ru/d/photo_2025-09-06_21-45-53.jpg | https://lady-elka.ru/d/photo_2025-09-06_21-45-47.jpg | https://lady-elka.ru/d/img_1935.jpg | https://lady-elka.ru/d/photo_2025-09-05_21-13-00.jpg |  | ,TRUE,,,,,,,,,
Венди,Заснеженная,"Самая узкая модель в магазине «Леди-Елка». Очень плотная густая хвоя и идеальная симметрия ветвей. Именно она сможет по-настоящему украсить спальню, детскую комнату или квартиру-студию",35 000 ₽,210 см,104 см,664 шт,-30%,35 000 ₽,50000,11,https://lady-elka.ru/d/photo_2025-09-06_21-45-53.jpg | https://lady-elka.ru/d/photo_2025-09-06_21-45-47.jpg | https://lady-elka.ru/d/img_1935.jpg | https://lady-elka.ru/d/photo_2025-09-05_21-13-00.jpg |  | ,TRUE,,,,,,,,,
Венди,Заснеженная,"Самая узкая модель в магазине «Леди-Елка». Очень плотная густая хвоя и идеальная симметрия ветвей. Именно она сможет по-настоящему украсить спальню, детскую комнату или квартиру-студию",43 000 ₽,230 см,110 см,832 шт,-30%,43 000 ₽,61429,11,https://lady-elka.ru/d/photo_2025-09-06_21-45-53.jpg | https://lady-elka.ru/d/photo_2025-09-06_21-45-47.jpg | https://lady-elka.ru/d/img_1935.jpg | https://lady-elka.ru/d/photo_2025-09-05_21-13-00.jpg |  | ,TRUE,,,,,,,,,
Венди,Заснеженная,"Самая узкая модель в магазине «Леди-Елка». Очень плотная густая хвоя и идеальная симметрия ветвей. Именно она сможет по-настоящему украсить спальню, детскую комнату или квартиру-студию",51 000 ₽,250 см,122 см,1192 шт,-30%,51 000 ₽,72858,11,https://lady-elka.ru/d/photo_2025-09-06_21-45-53.jpg | https://lady-elka.ru/d/photo_2025-09-06_21-45-47.jpg | https://lady-elka.ru/d/img_1935.jpg | https://lady-elka.ru/d/photo_2025-09-05_21-13-00.jpg |  | ,TRUE,,,,,,,,,
Венди,Заснеженная,"Самая узкая модель в магазине «Леди-Елка». Очень плотная густая хвоя и идеальная симметрия ветвей. Именно она сможет по-настоящему украсить спальню, детскую комнату или квартиру-студию",58 000 ₽,270 см,128 см,1384 шт,-30%,58 000 ₽,82858,11,https://lady-elka.ru/d/photo_2025-09-06_21-45-53.jpg | https://lady-elka.ru/d/photo_2025-09-06_21-45-47.jpg | https://lady-elka.ru/d/img_1935.jpg | https://lady-elka.ru/d/photo_2025-09-05_21-13-00.jpg |  | ,TRUE,,,,,,,,,
Венди,Заснеженная,"Самая узкая модель в магазине «Леди-Елка». Очень плотная густая хвоя и идеальная симметрия ветвей. Именно она сможет по-настоящему украсить спальню, детскую комнату или квартиру-студию",74 000 ₽,300 см,140 см,1888 шт,-30%,74 000 ₽,105715,11,https://lady-elka.ru/d/photo_2025-09-06_21-45-53.jpg | https://lady-elka.ru/d/photo_2025-09-06_21-45-47.jpg | https://lady-elka.ru/d/img_1935.jpg | https://lady-elka.ru/d/photo_2025-09-05_21-13-00.jpg |  | ,TRUE,,,,,,,,,
,,,,,,,,,,,,,,,,,,,,,
Адель,Зелёная,"Одна из самых узких елок. Имеет изящные ветки с короткими иголками, которые приближают Адель к настоящей лесной красавице",15 000 ₽,150 см,90 см,566 шт,-30%,15 000 ₽,21429,12,https://lady-elka.ru/d/photo_2025-09-06_21-50-37.jpg | https://lady-elka.ru/d/photo_2025-09-06_21-50-44.jpg | https://lady-elka.ru/d/photo_2025-09-05_20-54-23.jpg | https://lady-elka.ru/d/photo_2025-09-05_20-54-18.jpg |  | ,TRUE,,,,,,,,,
Адель,Зелёная,"Одна из самых узких елок. Имеет изящные ветки с короткими иголками, которые приближают Адель к настоящей лесной красавице",23 000 ₽,180 см,98 см,806 шт,-30%,23 000 ₽,32858,12,https://lady-elka.ru/d/photo_2025-09-06_21-50-37.jpg | https://lady-elka.ru/d/photo_2025-09-06_21-50-44.jpg | https://lady-elka.ru/d/photo_2025-09-05_20-54-23.jpg | https://lady-elka.ru/d/photo_2025-09-05_20-54-18.jpg |  | ,TRUE,,,,,,,,,
Адель,Зелёная,"Одна из самых узких елок. Имеет изящные ветки с короткими иголками, которые приближают Адель к настоящей лесной красавице",28 000 ₽,210 см,106 см,1130 шт,-30%,28 000 ₽,40000,12,https://lady-elka.ru/d/photo_2025-09-06_21-50-37.jpg | https://lady-elka.ru/d/photo_2025-09-06_21-50-44.jpg | https://lady-elka.ru/d/photo_2025-09-05_20-54-23.jpg | https://lady-elka.ru/d/photo_2025-09-05_20-54-18.jpg |  | ,TRUE,,,,,,,,,
Адель,Зелёная,"Одна из самых узких елок. Имеет изящные ветки с короткими иголками, которые приближают Адель к настоящей лесной красавице",35 000 ₽,230 см,110 см,1382 шт,-30%,35 000 ₽,50000,12,https://lady-elka.ru/d/photo_2025-09-06_21-50-37.jpg | https://lady-elka.ru/d/photo_2025-09-06_21-50-44.jpg | https://lady-elka.ru/d/photo_2025-09-05_20-54-23.jpg | https://lady-elka.ru/d/photo_2025-09-05_20-54-18.jpg |  | ,TRUE,,,,,,,,,
Адель,Зелёная,"Одна из самых узких елок. Имеет изящные ветки с короткими иголками, которые приближают Адель к настоящей лесной красавице",44 000 ₽,250 см,118 см,1886 шт,-30%,44 000 ₽,62858,12,https://lady-elka.ru/d/photo_2025-09-06_21-50-37.jpg | https://lady-elka.ru/d/photo_2025-09-06_21-50-44.jpg | https://lady-elka.ru/d/photo_2025-09-05_20-54-23.jpg | https://lady-elka.ru/d/photo_2025-09-05_20-54-18.jpg |  | ,TRUE,,,,,,,,,
Адель,Зелёная,"Одна из самых узких елок. Имеет изящные ветки с короткими иголками, которые приближают Адель к настоящей лесной красавице",52 000 ₽,270 см,122 см,2173 шт,-30%,52 000 ₽,74286,12,https://lady-elka.ru/d/photo_2025-09-06_21-50-37.jpg | https://lady-elka.ru/d/photo_2025-09-06_21-50-44.jpg | https://lady-elka.ru/d/photo_2025-09-05_20-54-23.jpg | https://lady-elka.ru/d/photo_2025-09-05_20-54-18.jpg |  | ,TRUE,,,,,,,,,
Адель,Зелёная,"Одна из самых узких елок. Имеет изящные ветки с короткими иголками, которые приближают Адель к настоящей лесной красавице",67 000 ₽,300 см,130 см,2846 шт,-30%,67 000 ₽,95715,12,https://lady-elka.ru/d/photo_2025-09-06_21-50-37.jpg | https://lady-elka.ru/d/photo_2025-09-06_21-50-44.jpg | https://lady-elka.ru/d/photo_2025-09-05_20-54-23.jpg | https://lady-elka.ru/d/photo_2025-09-05_20-54-18.jpg |  | ,TRUE,,,,,,,,,
,,,,,,,,,,,,,,,,,,,,,
Дарина,Зелёная,"Боковые ветки выходят за силует елочки, что приближает ее к натуральной красавице, привезенной из леса. Елка станет идеальным дополнением новогоднего интерьера и подарит праздничное настроение ",22 000 ₽,150 см,124 см,518 шт,-30%,22 000 ₽,31429,13,https://lady-elka.ru/d/photo_2025-09-06_21-56-34.jpg | https://lady-elka.ru/d/photo_2025-09-06_21-56-42.jpg | https://lady-elka.ru/d/photo_2025-09-05_20-54-23.jpg | https://lady-elka.ru/d/photo_2025-09-05_20-54-18.jpg | https://lady-elka.ru/d/01-darina-main-600x800.jpg | ,TRUE,,,,,,,,,
Дарина,Зелёная,"Боковые ветки выходят за силует елочки, что приближает ее к натуральной красавице, привезенной из леса. Елка станет идеальным дополнением новогоднего интерьера и подарит праздничное настроение ",26 000 ₽,185 см,138 см,758 шт,-30%,26 000 ₽,37143,13,https://lady-elka.ru/d/photo_2025-09-06_21-56-34.jpg | https://lady-elka.ru/d/photo_2025-09-06_21-56-42.jpg | https://lady-elka.ru/d/photo_2025-09-05_20-54-23.jpg | https://lady-elka.ru/d/photo_2025-09-05_20-54-18.jpg | https://lady-elka.ru/d/01-darina-main-600x800.jpg | ,TRUE,,,,,,,,,
Дарина,Зелёная,"Боковые ветки выходят за силует елочки, что приближает ее к натуральной красавице, привезенной из леса. Елка станет идеальным дополнением новогоднего интерьера и подарит праздничное настроение ",37 000 ₽,215 см,152 см,1158 шт,-30%,37 000 ₽,52858,13,https://lady-elka.ru/d/photo_2025-09-06_21-56-34.jpg | https://lady-elka.ru/d/photo_2025-09-06_21-56-42.jpg | https://lady-elka.ru/d/photo_2025-09-05_20-54-23.jpg | https://lady-elka.ru/d/photo_2025-09-05_20-54-18.jpg | https://lady-elka.ru/d/01-darina-main-600x800.jpg | ,TRUE,,,,,,,,,
Дарина,Зелёная,"Боковые ветки выходят за силует елочки, что приближает ее к натуральной красавице, привезенной из леса. Елка станет идеальным дополнением новогоднего интерьера и подарит праздничное настроение ",46 000 ₽,230 см,166 см,1422 шт,-30%,46 000 ₽,65715,13,https://lady-elka.ru/d/photo_2025-09-06_21-56-34.jpg | https://lady-elka.ru/d/photo_2025-09-06_21-56-42.jpg | https://lady-elka.ru/d/photo_2025-09-05_20-54-23.jpg | https://lady-elka.ru/d/photo_2025-09-05_20-54-18.jpg | https://lady-elka.ru/d/01-darina-main-600x800.jpg | ,TRUE,,,,,,,,,
,,,,,,,,,,,,,,,,,,,,,
Грета,Зелёная,Искуственная ель Грета состоит из семипалых удлиненных литых веточек. Идеальная форма и природный зеленый цвет повторяют вид натурального лесного дерева,16 000 ₽,150 см,98 см,457 шт,-30%,16 000 ₽,22858,14,https://lady-elka.ru/d/photo_2025-09-05_20-54-23.jpg | https://lady-elka.ru/d/photo_2025-09-05_20-54-18.jpg | https://lady-elka.ru/d/photo_2026-09-12_14-53-18.jpg |  |  | ,TRUE,,,,,,,,,
Грета,Зелёная,Искуственная ель Грета состоит из семипалых удлиненных литых веточек. Идеальная форма и природный зеленый цвет повторяют вид натурального лесного дерева,26 000 ₽,185 см,110 см,793 шт,-30%,26 000 ₽,37143,14,https://lady-elka.ru/d/photo_2025-09-05_20-54-23.jpg | https://lady-elka.ru/d/photo_2025-09-05_20-54-18.jpg | https://lady-elka.ru/d/photo_2026-09-12_14-53-18.jpg |  |  | ,TRUE,,,,,,,,,
Грета,Зелёная,Искуственная ель Грета состоит из семипалых удлиненных литых веточек. Идеальная форма и природный зеленый цвет повторяют вид натурального лесного дерева,39 900 ₽,215 см,126 см,1163 шт,-30%,39 900 ₽,57000,14,https://lady-elka.ru/d/photo_2025-09-05_20-54-23.jpg | https://lady-elka.ru/d/photo_2025-09-05_20-54-18.jpg | https://lady-elka.ru/d/photo_2026-09-12_14-53-18.jpg |  |  | ,TRUE,,,,,,,,,
Грета,Зелёная,Искуственная ель Грета состоит из семипалых удлиненных литых веточек. Идеальная форма и природный зеленый цвет повторяют вид натурального лесного дерева,46 000 ₽,230 см,134 см,1403 шт,-30%,46 000 ₽,65715,14,https://lady-elka.ru/d/photo_2025-09-05_20-54-23.jpg | https://lady-elka.ru/d/photo_2025-09-05_20-54-18.jpg | https://lady-elka.ru/d/photo_2026-09-12_14-53-18.jpg |  |  | ,TRUE,,,,,,,,,
Грета,Зелёная,Искуственная ель Грета состоит из семипалых удлиненных литых веточек. Идеальная форма и природный зеленый цвет повторяют вид натурального лесного дерева,55 000 ₽,250 см,140 см,1843 шт,-30%,55 000 ₽,78572,14,https://lady-elka.ru/d/photo_2025-09-05_20-54-23.jpg | https://lady-elka.ru/d/photo_2025-09-05_20-54-18.jpg | https://lady-elka.ru/d/photo_2026-09-12_14-53-18.jpg |  |  | ,TRUE,,,,,,,,,
Грета,Зелёная,Искуственная ель Грета состоит из семипалых удлиненных литых веточек. Идеальная форма и природный зеленый цвет повторяют вид натурального лесного дерева,66 000 ₽,270 см,146 см,2123 шт,-30%,66 000 ₽,94286,14,https://lady-elka.ru/d/photo_2025-09-05_20-54-23.jpg | https://lady-elka.ru/d/photo_2025-09-05_20-54-18.jpg | https://lady-elka.ru/d/photo_2026-09-12_14-53-18.jpg |  |  | ,TRUE,,,,,,,,,
Грета,Зелёная,Искуственная ель Грета состоит из семипалых удлиненных литых веточек. Идеальная форма и природный зеленый цвет повторяют вид натурального лесного дерева,86 000 ₽,300 см,152 см,2670 шт,-30%,86 000 ₽,122858,14,https://lady-elka.ru/d/photo_2025-09-05_20-54-23.jpg | https://lady-elka.ru/d/photo_2025-09-05_20-54-18.jpg | https://lady-elka.ru/d/photo_2026-09-12_14-53-18.jpg |  |  | ,TRUE,,,,,,,,,
,,,,,,,,,,,,,,,,,,,,,
Вита,Зелёная,"Искусственная литая елка, которая воссоздает природную красоту настоящего хвойного дерева. Вита порадует Вас своим роскошным видом и сохранит свою красоту на протяжении многих лет",17 400 ₽,180 см,112 см,535 шт,-30%,17 400 ₽,24858,15,https://lady-elka.ru/d/photo_2025-09-05_20-54-23.jpg | https://lady-elka.ru/d/photo_2025-09-05_20-54-18.jpg |  |  |  | ,TRUE,,,,,,,,,
Вита,Зелёная,"Искусственная литая елка, которая воссоздает природную красоту настоящего хвойного дерева. Вита порадует Вас своим роскошным видом и сохранит свою красоту на протяжении многих лет",24 000 ₽,210 см,124 см,799 шт,-30%,24 000 ₽,34286,15,https://lady-elka.ru/d/photo_2025-09-05_20-54-23.jpg | https://lady-elka.ru/d/photo_2025-09-05_20-54-18.jpg |  |  |  | ,TRUE,,,,,,,,,
Вита,Зелёная,"Искусственная литая елка, которая воссоздает природную красоту настоящего хвойного дерева. Вита порадует Вас своим роскошным видом и сохранит свою красоту на протяжении многих лет",28 000 ₽,230 см,132 см,939 шт,-30%,28 000 ₽,40000,15,https://lady-elka.ru/d/photo_2025-09-05_20-54-23.jpg | https://lady-elka.ru/d/photo_2025-09-05_20-54-18.jpg |  |  |  | ,TRUE,,,,,,,,,
Вита,Зелёная,"Искусственная литая елка, которая воссоздает природную красоту настоящего хвойного дерева. Вита порадует Вас своим роскошным видом и сохранит свою красоту на протяжении многих лет",34 000 ₽,250 см,136 см,1131 шт,-30%,34 000 ₽,48572,15,https://lady-elka.ru/d/photo_2025-09-05_20-54-23.jpg | https://lady-elka.ru/d/photo_2025-09-05_20-54-18.jpg |  |  |  | ,TRUE,,,,,,,,,
Вита,Зелёная,"Искусственная литая елка, которая воссоздает природную красоту настоящего хвойного дерева. Вита порадует Вас своим роскошным видом и сохранит свою красоту на протяжении многих лет",43 000 ₽,270 см,144 см,1355 шт,-30%,43 000 ₽,61429,15,https://lady-elka.ru/d/photo_2025-09-05_20-54-23.jpg | https://lady-elka.ru/d/photo_2025-09-05_20-54-18.jpg |  |  |  | ,TRUE,,,,,,,,,
,,,,,,,,,,,,,,,,,,,,,
Вита,Заснеженная,"Заснеженная литая елка, которая воссоздает природную красоту настоящего хвойного дерева. Вита порадует Вас своим роскошным видом и сохранит свою красоту на протяжении многих лет",22 000 ₽,180 см,112 см,535 шт,-30%,22 000 ₽,31429,15,https://lady-elka.ru/d/photo_2025-09-06_22-01-33.jpg | https://lady-elka.ru/d/photo_2025-09-06_22-01-23.jpg | https://lady-elka.ru/d/photo_2025-09-05_21-13-00.jpg |  |  | ,TRUE,,,,,,,,,
Вита,Заснеженная,"Заснеженная литая елка, которая воссоздает природную красоту настоящего хвойного дерева. Вита порадует Вас своим роскошным видом и сохранит свою красоту на протяжении многих лет",30 500 ₽,210 см,124 см,799 шт,-30%,30 500 ₽,43572,15,https://lady-elka.ru/d/photo_2025-09-06_22-01-33.jpg | https://lady-elka.ru/d/photo_2025-09-06_22-01-23.jpg | https://lady-elka.ru/d/photo_2025-09-05_21-13-00.jpg |  |  | ,TRUE,,,,,,,,,
Вита,Заснеженная,"Заснеженная литая елка, которая воссоздает природную красоту настоящего хвойного дерева. Вита порадует Вас своим роскошным видом и сохранит свою красоту на протяжении многих лет",35 000 ₽,230 см,132 см,939 шт,-30%,35 000 ₽,50000,15,https://lady-elka.ru/d/photo_2025-09-06_22-01-33.jpg | https://lady-elka.ru/d/photo_2025-09-06_22-01-23.jpg | https://lady-elka.ru/d/photo_2025-09-05_21-13-00.jpg |  |  | ,TRUE,,,,,,,,,
Вита,Заснеженная,"Заснеженная литая елка, которая воссоздает природную красоту настоящего хвойного дерева. Вита порадует Вас своим роскошным видом и сохранит свою красоту на протяжении многих лет",43 000 ₽,250 см,136 см,1131 шт,-30%,43 000 ₽,61429,15,https://lady-elka.ru/d/photo_2025-09-06_22-01-33.jpg | https://lady-elka.ru/d/photo_2025-09-06_22-01-23.jpg | https://lady-elka.ru/d/photo_2025-09-05_21-13-00.jpg |  |  | ,TRUE,,,,,,,,,
Вита,Заснеженная,"Заснеженная литая елка, которая воссоздает природную красоту настоящего хвойного дерева. Вита порадует Вас своим роскошным видом и сохранит свою красоту на протяжении многих лет",55 000 ₽,270 см,144 см,1355 шт,-30%,55 000 ₽,78572,15,https://lady-elka.ru/d/photo_2025-09-06_22-01-33.jpg | https://lady-elka.ru/d/photo_2025-09-06_22-01-23.jpg | https://lady-elka.ru/d/photo_2025-09-05_21-13-00.jpg |  |  | ,TRUE,,,,,,,,,
,,,,,,,,,,,,,,,,,,,,,
Вита,С освещением,"Искусственная литая елка, которая воссоздает природную красоту настоящего хвойного дерева. Вита порадует Вас своим роскошным видом и сохранит свою красоту на протяжении многих лет. Дополнена встроенной гирляндой теплого свечения, без режимов мигания",27 000 ₽,180 см,112 см,535 шт,-30%,27 000 ₽,38572,15,https://lady-elka.ru/d/photo_2025-09-05_20-54-23.jpg | https://lady-elka.ru/d/photo_2025-09-05_20-54-18.jpg |  |  |  | ,TRUE,,,,,,,,,
Вита,С освещением,"Искусственная литая елка, которая воссоздает природную красоту настоящего хвойного дерева. Вита порадует Вас своим роскошным видом и сохранит свою красоту на протяжении многих лет. Дополнена встроенной гирляндой теплого свечения, без режимов мигания",35 500 ₽,210 см,124 см,799 шт,-30%,35 500 ₽,50715,15,https://lady-elka.ru/d/photo_2025-09-05_20-54-23.jpg | https://lady-elka.ru/d/photo_2025-09-05_20-54-18.jpg |  |  |  | ,TRUE,,,,,,,,,
Вита,С освещением,"Искусственная литая елка, которая воссоздает природную красоту настоящего хвойного дерева. Вита порадует Вас своим роскошным видом и сохранит свою красоту на протяжении многих лет. Дополнена встроенной гирляндой теплого свечения, без режимов мигания",42 000 ₽,230 см,132 см,939 шт,-30%,42 000 ₽,60000,15,https://lady-elka.ru/d/photo_2025-09-05_20-54-23.jpg | https://lady-elka.ru/d/photo_2025-09-05_20-54-18.jpg |  |  |  | ,TRUE,,,,,,,,,
Вита,С освещением,"Искусственная литая елка, которая воссоздает природную красоту настоящего хвойного дерева. Вита порадует Вас своим роскошным видом и сохранит свою красоту на протяжении многих лет. Дополнена встроенной гирляндой теплого свечения, без режимов мигания",50 000 ₽,250 см,136 см,1131 шт,-30%,50 000 ₽,71429,15,https://lady-elka.ru/d/photo_2025-09-05_20-54-23.jpg | https://lady-elka.ru/d/photo_2025-09-05_20-54-18.jpg |  |  |  | ,TRUE,,,,,,,,,
Вита,С освещением,"Искусственная литая елка, которая воссоздает природную красоту настоящего хвойного дерева. Вита порадует Вас своим роскошным видом и сохранит свою красоту на протяжении многих лет. Дополнена встроенной гирляндой теплого свечения, без режимов мигания",63 000 ₽,270 см,144 см,1355 шт,-30%,63 000 ₽,90000,15,https://lady-elka.ru/d/photo_2025-09-05_20-54-23.jpg | https://lady-elka.ru/d/photo_2025-09-05_20-54-18.jpg |  |  |  | ,TRUE,,,,,,,,,
,,,,,,,,,,,,,,,,,,,,,
Валенсия,Зелёная,"Валенсия очаровывает своим великолепием. Ее увесистые свисающие вниз ветви очень точно передают сходство с натуральной лесной елкой. Отлично подойдет для просторных помещений, залов и станет прекрасным украшением праздника",48 000 ₽,215 см,176 см,1532 шт,-30%,48 000 ₽,68572,16,https://lady-elka.ru/d/photo_2025-09-06_22-04-03.jpg | https://lady-elka.ru/d/photo_2025-09-05_20-54-23.jpg | https://lady-elka.ru/d/photo_2025-09-05_20-54-18.jpg |  |  | ,TRUE,,,,,,,,,
Валенсия,Зелёная,"Валенсия очаровывает своим великолепием. Ее увесистые свисающие вниз ветви очень точно передают сходство с натуральной лесной елкой. Отлично подойдет для просторных помещений, залов и станет прекрасным украшением праздника",61 000 ₽,230 см,194 см,1952 шт,-30%,61 000 ₽,87143,16,https://lady-elka.ru/d/photo_2025-09-06_22-04-03.jpg | https://lady-elka.ru/d/photo_2025-09-05_20-54-23.jpg | https://lady-elka.ru/d/photo_2025-09-05_20-54-18.jpg |  |  | ,TRUE,,,,,,,,,
Валенсия,Зелёная,"Валенсия очаровывает своим великолепием. Ее увесистые свисающие вниз ветви очень точно передают сходство с натуральной лесной елкой. Отлично подойдет для просторных помещений, залов и станет прекрасным украшением праздника",78 000 ₽,250 см,206 см,2522 шт,-30%,78 000 ₽,111429,16,https://lady-elka.ru/d/photo_2025-09-06_22-04-03.jpg | https://lady-elka.ru/d/photo_2025-09-05_20-54-23.jpg | https://lady-elka.ru/d/photo_2025-09-05_20-54-18.jpg |  |  | ,TRUE,,,,,,,,,
Валенсия,Зелёная,"Валенсия очаровывает своим великолепием. Ее увесистые свисающие вниз ветви очень точно передают сходство с натуральной лесной елкой. Отлично подойдет для просторных помещений, залов и станет прекрасным украшением праздника",97 000 ₽,270 см,218 см,3152 шт,-30%,97 000 ₽,138572,16,https://lady-elka.ru/d/photo_2025-09-06_22-04-03.jpg | https://lady-elka.ru/d/photo_2025-09-05_20-54-23.jpg | https://lady-elka.ru/d/photo_2025-09-05_20-54-18.jpg |  |  | ,TRUE,,,,,,,,,
Валенсия,Зелёная,"Валенсия очаровывает своим великолепием. Ее увесистые свисающие вниз ветви очень точно передают сходство с натуральной лесной елкой. Отлично подойдет для просторных помещений, залов и станет прекрасным украшением праздника",119 000 ₽,300 см,230 см,3872 шт,-30%,119 000 ₽,170000,16,https://lady-elka.ru/d/photo_2025-09-06_22-04-03.jpg | https://lady-elka.ru/d/photo_2025-09-05_20-54-23.jpg | https://lady-elka.ru/d/photo_2025-09-05_20-54-18.jpg |  |  | ,TRUE,,,,,,,,,
,,,,,,,,,,,,,,,,,,,,,
Элизабет,Зелёная,"Елка состоит из семипалых веток, с хвоей насыщенного зеленого цвета. Неправильная форма создает сходство с натуральным деревом",16 000 ₽,150 см,118 см,461 шт,-30%,16 000 ₽,22858,17,https://lady-elka.ru/d/elizabet.jpg | https://lady-elka.ru/d/photo_2025-09-06_22-08-07.jpg | https://lady-elka.ru/d/photo_2025-09-05_20-54-23.jpg | https://lady-elka.ru/d/photo_2025-09-05_20-54-18.jpg |  | ,TRUE,,,,,,,,,
Элизабет,Зелёная,"Елка состоит из семипалых веток, с хвоей насыщенного зеленого цвета. Неправильная форма создает сходство с натуральным деревом",24 000 ₽,185 см,134 см,869 шт,-30%,24 000 ₽,34286,17,https://lady-elka.ru/d/elizabet.jpg | https://lady-elka.ru/d/photo_2025-09-06_22-08-07.jpg | https://lady-elka.ru/d/photo_2025-09-05_20-54-23.jpg | https://lady-elka.ru/d/photo_2025-09-05_20-54-18.jpg |  | ,TRUE,,,,,,,,,
Элизабет,Зелёная,"Елка состоит из семипалых веток, с хвоей насыщенного зеленого цвета. Неправильная форма создает сходство с натуральным деревом",36 000 ₽,215 см,150 см,1337 шт,-30%,36 000 ₽,51429,17,https://lady-elka.ru/d/elizabet.jpg | https://lady-elka.ru/d/photo_2025-09-06_22-08-07.jpg | https://lady-elka.ru/d/photo_2025-09-05_20-54-23.jpg | https://lady-elka.ru/d/photo_2025-09-05_20-54-18.jpg |  | ,TRUE,,,,,,,,,
Элизабет,Зелёная,"Елка состоит из семипалых веток, с хвоей насыщенного зеленого цвета. Неправильная форма создает сходство с натуральным деревом",40 000 ₽,230 см,162 см,1733 шт,-30%,40 000 ₽,57143,17,https://lady-elka.ru/d/elizabet.jpg | https://lady-elka.ru/d/photo_2025-09-06_22-08-07.jpg | https://lady-elka.ru/d/photo_2025-09-05_20-54-23.jpg | https://lady-elka.ru/d/photo_2025-09-05_20-54-18.jpg |  | ,TRUE,,,,,,,,,
Элизабет,Зелёная,"Елка состоит из семипалых веток, с хвоей насыщенного зеленого цвета. Неправильная форма создает сходство с натуральным деревом",47 500 ₽,250 см,174 см,2135 шт,-30%,47 500 ₽,67858,17,https://lady-elka.ru/d/elizabet.jpg | https://lady-elka.ru/d/photo_2025-09-06_22-08-07.jpg | https://lady-elka.ru/d/photo_2025-09-05_20-54-23.jpg | https://lady-elka.ru/d/photo_2025-09-05_20-54-18.jpg |  | ,TRUE,,,,,,,,,
Элизабет,Зелёная,"Елка состоит из семипалых веток, с хвоей насыщенного зеленого цвета. Неправильная форма создает сходство с натуральным деревом",58 000 ₽,270 см,186 см,2561 шт,-30%,58 000 ₽,82858,17,https://lady-elka.ru/d/elizabet.jpg | https://lady-elka.ru/d/photo_2025-09-06_22-08-07.jpg | https://lady-elka.ru/d/photo_2025-09-05_20-54-23.jpg | https://lady-elka.ru/d/photo_2025-09-05_20-54-18.jpg |  | ,TRUE,,,,,,,,,
Элизабет,Зелёная,"Елка состоит из семипалых веток, с хвоей насыщенного зеленого цвета. Неправильная форма создает сходство с натуральным деревом",81 000 ₽,300 см,206 см,3773 шт,-30%,81 000 ₽,115715,17,https://lady-elka.ru/d/elizabet.jpg | https://lady-elka.ru/d/photo_2025-09-06_22-08-07.jpg | https://lady-elka.ru/d/photo_2025-09-05_20-54-23.jpg | https://lady-elka.ru/d/photo_2025-09-05_20-54-18.jpg |  | ,TRUE,,,,,,,,,
,,,,,,,,,,,,,,,,,,,,,
Элизабет,Заснеженная с освещением,"Елка состоит из семипалых веток, с хвоей, имеющей хлопковое напыление. Неправильная форма создает сходство с натуральным деревом. Дополнена встроенной гирляндой теплого свечения, без режимов мигания",25 000 ₽,150 см,118 см,461 шт,-30%,25 000 ₽,35715,17,https://lady-elka.ru/d/photo_2025-09-05_21-32-09.jpg | https://lady-elka.ru/d/img_1935.jpg | https://lady-elka.ru/d/photo_2025-09-05_21-13-00.jpg |  |  | ,TRUE,,,,,,,,,
Элизабет,Заснеженная с освещением,"Елка состоит из семипалых веток, с хвоей, имеющей хлопковое напыление. Неправильная форма создает сходство с натуральным деревом. Дополнена встроенной гирляндой теплого свечения, без режимов мигания",37 000 ₽,185 см,134 см,869 шт,-30%,37 000 ₽,52858,17,https://lady-elka.ru/d/photo_2025-09-05_21-32-09.jpg | https://lady-elka.ru/d/img_1935.jpg | https://lady-elka.ru/d/photo_2025-09-05_21-13-00.jpg |  |  | ,TRUE,,,,,,,,,
Элизабет,Заснеженная с освещением,"Елка состоит из семипалых веток, с хвоей, имеющей хлопковое напыление. Неправильная форма создает сходство с натуральным деревом. Дополнена встроенной гирляндой теплого свечения, без режимов мигания",51 000 ₽,215 см,150 см,1337 шт,-30%,51 000 ₽,72858,17,https://lady-elka.ru/d/photo_2025-09-05_21-32-09.jpg | https://lady-elka.ru/d/img_1935.jpg | https://lady-elka.ru/d/photo_2025-09-05_21-13-00.jpg |  |  | ,TRUE,,,,,,,,,
Элизабет,Заснеженная с освещением,"Елка состоит из семипалых веток, с хвоей, имеющей хлопковое напыление. Неправильная форма создает сходство с натуральным деревом. Дополнена встроенной гирляндой теплого свечения, без режимов мигания",60 000 ₽,230 см,162 см,1733 шт,-30%,60 000 ₽,85715,17,https://lady-elka.ru/d/photo_2025-09-05_21-32-09.jpg | https://lady-elka.ru/d/img_1935.jpg | https://lady-elka.ru/d/photo_2025-09-05_21-13-00.jpg |  |  | ,TRUE,,,,,,,,,
Элизабет,Заснеженная с освещением,"Елка состоит из семипалых веток, с хвоей, имеющей хлопковое напыление. Неправильная форма создает сходство с натуральным деревом. Дополнена встроенной гирляндой теплого свечения, без режимов мигания",74 500 ₽,250 см,174 см,2135 шт,-30%,74 500 ₽,106429,17,https://lady-elka.ru/d/photo_2025-09-05_21-32-09.jpg | https://lady-elka.ru/d/img_1935.jpg | https://lady-elka.ru/d/photo_2025-09-05_21-13-00.jpg |  |  | ,TRUE,,,,,,,,,
Элизабет,Заснеженная с освещением,"Елка состоит из семипалых веток, с хвоей, имеющей хлопковое напыление. Неправильная форма создает сходство с натуральным деревом. Дополнена встроенной гирляндой теплого свечения, без режимов мигания",93 000 ₽,270 см,186 см,2561 шт,-30%,93 000 ₽,132858,17,https://lady-elka.ru/d/photo_2025-09-05_21-32-09.jpg | https://lady-elka.ru/d/img_1935.jpg | https://lady-elka.ru/d/photo_2025-09-05_21-13-00.jpg |  |  | ,TRUE,,,,,,,,,
Элизабет,Заснеженная с освещением,"Елка состоит из семипалых веток, с хвоей, имеющей хлопковое напыление. Неправильная форма создает сходство с натуральным деревом. Дополнена встроенной гирляндой теплого свечения, без режимов мигания",128 000 ₽,300 см,206 см,3773 шт,-30%,128 000 ₽,182858,17,https://lady-elka.ru/d/photo_2025-09-05_21-32-09.jpg | https://lady-elka.ru/d/img_1935.jpg | https://lady-elka.ru/d/photo_2025-09-05_21-13-00.jpg |  |  | ,TRUE,,,,,,,,,
,,,,,,,,,,,,FALSE,,,,,,,,,
Элизабет,Заснеженная,Текст,27000,185,133,0,-30%,54000,70200,17,,TRUE,,Текст,0,0,0,0,,0,0
Элизабет,Заснеженная,,41000,215,150,,,,,,,TRUE,,,,,,,,,
Элизабет,Заснеженная,,50900,230,162,,,,,,,TRUE,,,,,,,,,
Элизабет,Заснеженная,,56000,250,174,,,,,,,TRUE,,,,,,,,,
Элизабет,Заснеженная,,71000,270,186,,,,,,,TRUE,,,,,,,,,
Элизабет,Заснеженная,,,300 см,206 см,,,,,,,TRUE,,,,,,,,,
,,,,,,,,,,,,,,,,,,,,,
Камила,Зелёная,"Искусственная литая елка, которая воссоздает природную красоту настоящего хвойного дерева. Камила порадует Вас своим роскошным видом и сохранит свою красоту на протяжении многих лет",42 944 ₽,215 см,94 см,766 шт,-30%,42 944 ₽,61349,18,https://lady-elka.ru/d/photo_2025-09-06_22-11-07.jpg |  |  |  |  | ,FALSE,,,,,,,,,
Камила,Зелёная,"Искусственная литая елка, которая воссоздает природную красоту настоящего хвойного дерева. Камила порадует Вас своим роскошным видом и сохранит свою красоту на протяжении многих лет",64 416 ₽,250 см, см, шт,-30%,64 416 ₽,92023,18,https://lady-elka.ru/d/photo_2025-09-06_22-11-07.jpg |  |  |  |  | ,FALSE,,,,,,,,,
Камила,Зелёная,"Искусственная литая елка, которая воссоздает природную красоту настоящего хвойного дерева. Камила порадует Вас своим роскошным видом и сохранит свою красоту на протяжении многих лет",85 888 ₽,280 см, см, шт,-30%,85 888 ₽,122698,18,https://lady-elka.ru/d/photo_2025-09-06_22-11-07.jpg |  |  |  |  | ,FALSE,,,,,,,,,
Камила,Зелёная,"Искусственная литая елка, которая воссоздает природную красоту настоящего хвойного дерева. Камила порадует Вас своим роскошным видом и сохранит свою красоту на протяжении многих лет",98 637 ₽,300 см, см, шт,-30%,98 637 ₽,140910,18,https://lady-elka.ru/d/photo_2025-09-06_22-11-07.jpg |  |  |  |  | ,FALSE,,,,,,,,,
,,,,,,,,,,,,,,,,,,,,,
Грация,Зелёная,"Искусственная литая елка, которая воссоздает природную красоту настоящего хвойного дерева. Грация порадует Вас своим роскошным видом и сохранит свою красоту на протяжении многих лет",37 576 ₽,180 см,112 см,535 шт,-30%,37 576 ₽,53680,19, |  |  |  |  | ,FALSE,,,,,,,,,
Грация,Зелёная,"Искусственная литая елка, которая воссоздает природную красоту настоящего хвойного дерева. Грация порадует Вас своим роскошным видом и сохранит свою красоту на протяжении многих лет",51 667 ₽,210 см, см, шт,-30%,51 667 ₽,73810,19, |  |  |  |  | ,FALSE,,,,,,,,,
Грация,Зелёная,"Искусственная литая елка, которая воссоздает природную красоту настоящего хвойного дерева. Грация порадует Вас своим роскошным видом и сохранит свою красоту на протяжении многих лет",64 416 ₽,230 см, см, шт,-30%,64 416 ₽,92023,19, |  |  |  |  | ,FALSE,,,,,,,,,
Грация,Зелёная,"Искусственная литая елка, которая воссоздает природную красоту настоящего хвойного дерева. Грация порадует Вас своим роскошным видом и сохранит свою красоту на протяжении многих лет",75 823 ₽,250 см, см, шт,-30%,75 823 ₽,108319,19, |  |  |  |  | ,FALSE,,,,,,,,,
Грация,Зелёная,"Искусственная литая елка, которая воссоздает природную красоту настоящего хвойного дерева. Грация порадует Вас своим роскошным видом и сохранит свою красоту на протяжении многих лет",85 754 ₽,270 см, см, шт,-30%,85 754 ₽,122506,19, |  |  |  |  | ,FALSE,,,,,,,,,
,,,,,,,,,,,,,,,,,,,,,
ТУИ,,,,,,,,,,,,,,,,,,,,,
Туя 60 - 90 см,Туя,,3 900 ₽,60 см,30 см,44 шт,-30%,3 900 ₽,5572,20,,TRUE,,,,,,,,,
Туя 60 - 90 см,Туя,,5 500 ₽,90 см,54 см,140 шт,-30%,5 500 ₽,7858,20,,TRUE,,,,,,,,,
,,,,,,,,,,,,,,,,,,,,,
Туя голубая 60 - 90 см,Туя,,4 200 ₽,60 см,,44 шт,-30%,4 200 ₽,6000,21,,TRUE,,,,,,,,,
Туя голубая 60 - 90 см,Туя,,6 800 ₽,90 см,,140 шт,-30%,6 800 ₽,9715,21,,TRUE,,,,,,,,,
,,,,,,,,,,,,,,,,,,,,,
Туя 120 - 150 см,Туя,,10 920 ₽,120 см,64 см,218 шт,-30%,10 920 ₽,15600,22,,TRUE,,,,,,,,,
Туя 120 - 150 см,Туя,,14 700 ₽,150 см,72 см,326 шт,-30%,14 700 ₽,21000,22,,TRUE,,,,,,,,,
,,,,,,,,,,,,,,,,,,,,,
Туя 150 см на ножке,Туя,,10 300 ₽,150 см,54 см,205 шт,-30%,10 300 ₽,14715,23,,TRUE,,,,,,,,,
,,,,,,,,,,,,,,,,,,,,,
Туя складчатая,Туя,,6 934 ₽,60 см,,245 шт,-30%,6 934 ₽,9906,24,,TRUE,,,,,,,,,
,,,,,,,,,,,,,,,,,,,,,
Туя складчатая с голубым кончиком,Туя,,6 177 ₽,55 см,,208 шт,-30%,6 177 ₽,8825,25,,TRUE,,,,,,,,,
,,,,,,,,,,,,,,,,,,,,,
Туя Смарагд,Туя,,8 580 ₽,120 см,52 см,242 шт,-30%,8 580 ₽,12258,26,,TRUE,,,,,,,,,
Туя Смарагд,Туя,,10 140 ₽,150 см,54 см,359 шт,-30%,10 140 ₽,14486,26,,TRUE,,,,,,,,,
Туя Смарагд,Туя,,13 200 ₽,180 см,58 см,473 шт,-30%,13 200 ₽,18858,26,,TRUE,,,,,,,,,
,,,,,,,,,,,,,,,,,,,,,
Туя 3 шара на ножке,Туя,,16 000 ₽,210 см,65 см,432 шт,-30%,16 000 ₽,22858,27,,TRUE,,,,,,,,,
,,,,,,,,,,,,,,,,,,,,,
Туя-шар голубой,Туя,,2 990 ₽,40 см,,60 шт,-30%,2 990 ₽,4272,28,,TRUE,,,,,,,,,
Туя-шар голубой,Туя,,5 900 ₽,70 см,,236 шт,-30%,5 900 ₽,8429,28,,TRUE,,,,,,,,,
,,,,,,,,,,,,,,,,,,,,,
Туя-шар,Туя,,2 550 ₽,40 см,40 см,35 шт,-30%,2 550 ₽,3643,29,,TRUE,,,,,,,,,
Туя-шар,Туя,,6 100 ₽,70 см,65 см,236 шт,-30%,6 100 ₽,8715,29,,TRUE,,,,,,,,,
Туя-шар,Туя,,9 800 ₽,80 см,80 см,472 шт,-30%,9 800 ₽,14000,29,,TRUE,,,,,,,,,
,,,,,,,,,,,,,,,,,,,,,
Туя шар на ножке,Туя,,13 900 ₽,115 см,,,-30%,13 900 ₽,19858,30,,TRUE,,,,,,,,,
,,,,,,,,,,,,,,,,,,,,,
Туя 180 - 250 см,Туя,,16 000 ₽,180 см,76 см,452 шт,-30%,16 000 ₽,22858,31,,TRUE,,,,,,,,,
Туя 180 - 250 см,Туя,,18 000 ₽,210 см,78 см,542 шт,-30%,18 000 ₽,25715,31,,TRUE,,,,,,,,,
Туя 180 - 250 см,Туя,,21 400 ₽,230 см,80 см,662 шт,-30%,21 400 ₽,30572,31,,TRUE,,,,,,,,,
Туя 180 - 250 см,Туя,,25 500 ₽,250 см,80 см,662 шт,-30%,25 500 ₽,36429,31,,TRUE,,,,,,,,,
,,,,,,,,,,,,,,,,,,,,,
Можжевельник,Туя,,8 600 ₽,120 см,33 см,290 шт,-30%,8 600 ₽,12286,32,,TRUE,,,,,,,,,
Можжевельник,Туя,,12 400 ₽,150 см,32 см,456 шт,-30%,12 400 ₽,17715,32,,TRUE,,,,,,,,,
Можжевельник,Туя,,13 800 ₽,180 см,34 см,600 шт,-30%,13 800 ₽,19715,32,,TRUE,,,,,,,,,
,,,,,,,,,,,,,,,,,,,,,
Кипарисовик,Туя,,3 400 ₽,60 см,,,-30%,3 400 ₽,4858,33,,TRUE,,,,,,,,,
,,,,,,,,,,,,,,,,,,,,,
Каролина,Зелёная,Текст,11500,150 см,104 см,,-30%,23000,29900,34,,FALSE,,,,,,,,,
Каролина,Зелёная,Текст,17 000 ₽,185 см,134 см,,-30%,17 000 ₽,24286,34,,FALSE,,,,,,,,,
Каролина,Зелёная,Текст,24 000 ₽,215 см,164 см,,-30%,24 000 ₽,34286,34,,FALSE,,,,,,,,,
Каролина,Зелёная,Текст,28 000 ₽,230 см,174 см,,-30%,28 000 ₽,40000,34,,FALSE,,,,,,,,,
,,,,,,,,,,,,FALSE,,,,,,,,,
Мишель,Зелёная,Текст,17000,160 см,98 см,371 шт,-30%,34000,44200,35,,FALSE,,,,,,,,,
Мишель,Зелёная,Текст,21 000 ₽,190 см,112 см,547 шт,-30%,21 000 ₽,30000,35,,FALSE,,,,,,,,,
Мишель,Зелёная,Текст,27 000 ₽,220 см,124 см,811 шт,-30%,27 000 ₽,38572,35,,FALSE,,,,,,,,,
Мишель,Зелёная,Текст,31 000 ₽,240 см,132 см,957 шт,-30%,31 000 ₽,44286,35,,FALSE,,,,,,,,,
Мишель,Зелёная,Текст,,,,,-30%,0 ₽,0,35,,FALSE,,,,,,,,,
Мишель,Зелёная,Текст,,,,,-30%,0 ₽,0,35,,FALSE,,,,,,,,,
Мишель,Зелёная,Текст,,,,,-30%,0 ₽,0,35,,FALSE,,,,,,,,,
Мишель,Зелёная,Текст,,,,,-30%,0 ₽,0,35,,FALSE,,,,,,,,,
Мишель,Зелёная,Текст,,,,,-30%,0 ₽,0,35,,FALSE,,,,,,,,,
Мишель,Зелёная,Текст,,,,,-30%,0 ₽,0,35,,FALSE,,,,,,,,,
Мишель,Зелёная,Текст,,,,,-30%,0 ₽,0,35,,FALSE,,,,,,,,,
Мишель,Зелёная,Текст,,,,,-30%,0 ₽,0,35,,FALSE,,,,,,,,,
Мишель,Зелёная,Текст,,,,,-30%,0 ₽,0,35,,FALSE,,,,,,,,,
Мишель,Зелёная,Текст,,,,,-30%,0 ₽,0,35,,FALSE,,,,,,,,,
Мишель,Зелёная,Текст,,,,,-30%,0 ₽,0,35,,FALSE,,,,,,,,,
Мишель,Зелёная,Текст,,,,,-30%,0 ₽,0,35,,FALSE,,,,,,,,,
Мишель,Зелёная,Текст,,,,,-30%,0 ₽,0,35,,FALSE,,,,,,,,,
Мишель,Зелёная,Текст,,,,,-30%,0 ₽,0,35,,FALSE,,,,,,,,,
Мишель,Зелёная,Текст,,,,,-30%,0 ₽,0,35,,FALSE,,,,,,,,,
Мишель,Зелёная,Текст,,,,,-30%,0 ₽,0,35,,FALSE,,,,,,,,,
Мишель,Зелёная,Текст,,,,,-30%,0 ₽,0,35,,FALSE,,,,,,,,,
Мишель,Зелёная,Текст,,,,,-30%,0 ₽,0,35,,FALSE,,,,,,,,,
Мишель,Зелёная,Текст,,,,,-30%,0 ₽,0,35,,FALSE,,,,,,,,,
Мишель,Зелёная,Текст,,,,,-30%,0 ₽,0,35,,FALSE,,,,,,,,,
Мишель,Зелёная,Текст,,,,,-30%,0 ₽,0,35,,FALSE,,,,,,,,,
Мишель,Зелёная,Текст,,,,,-30%,0 ₽,0,35,,FALSE,,,,,,,,,
Мишель,Зелёная,Текст,,,,,-30%,0 ₽,0,35,,FALSE,,,,,,,,,
Мишель,Зелёная,Текст,,,,,-30%,0 ₽,0,35,,FALSE,,,,,,,,,
Мишель,Зелёная,Текст,,,,,-30%,0 ₽,0,35,,FALSE,,,,,,,,,
Мишель,Зелёная,Текст,,,,,-30%,0 ₽,0,35,,FALSE,,,,,,,,,
Мишель,Зелёная,Текст,,,,,-30%,0 ₽,0,35,,FALSE,,,,,,,,,
Мишель,Зелёная,Текст,,,,,-30%,0 ₽,0,35,,FALSE,,,,,,,,,
Мишель,Зелёная,Текст,,,,,-30%,0 ₽,0,35,,FALSE,,,,,,,,,
Мишель,Зелёная,Текст,,,,,-30%,0 ₽,0,35,,FALSE,,,,,,,,,
Мишель,Зелёная,Текст,,,,,-30%,0 ₽,0,35,,FALSE,,,,,,,,,
Мишель,Зелёная,Текст,,,,,-30%,0 ₽,0,35,,FALSE,,,,,,,,,
Мишель,Зелёная,Текст,,,,,-30%,0 ₽,0,35,,FALSE,,,,,,,,,
Мишель,Зелёная,Текст,,,,,-30%,0 ₽,0,35,,FALSE,,,,,,,,,
Мишель,Зелёная,Текст,,,,,-30%,0 ₽,0,35,,FALSE,,,,,,,,,
Мишель,Зелёная,Текст,,,,,-30%,0 ₽,0,35,,FALSE,,,,,,,,,
Мишель,Зелёная,Текст,,,,,-30%,0 ₽,0,35,,FALSE,,,,,,,,,
Мишель,Зелёная,Текст,,,,,-30%,0 ₽,0,35,,FALSE,,,,,,,,,
Мишель,Зелёная,Текст,,,,,-30%,0 ₽,0,35,,FALSE,,,,,,,,,
Мишель,Зелёная,Текст,,,,,-30%,0 ₽,0,35,,FALSE,,,,,,,,,
Мишель,Зелёная,Текст,,,,,-30%,0 ₽,0,35,,FALSE,,,,,,,,,
Мишель,Зелёная,Текст,,,,,-30%,0 ₽,0,35,,FALSE,,,,,,,,,
Мишель,Зелёная,Текст,,,,,-30%,0 ₽,0,35,,FALSE,,,,,,,,,
Мишель,Зелёная,Текст,,,,,-30%,0 ₽,0,35,,FALSE,,,,,,,,,
Мишель,Зелёная,Текст,,,,,-30%,0 ₽,0,35,,FALSE,,,,,,,,,
Мишель,Зелёная,Текст,,,,,-30%,0 ₽,0,35,,FALSE,,,,,,,,,
Мишель,Зелёная,Текст,,,,,-30%,0 ₽,0,35,,FALSE,,,,,,,,,
Мишель,Зелёная,Текст,,,,,-30%,0 ₽,0,35,,FALSE,,,,,,,,,
Мишель,Зелёная,Текст,,,,,-30%,0 ₽,0,35,,FALSE,,,,,,,,,
Мишель,Зелёная,Текст,,,,,-30%,0 ₽,0,35,,FALSE,,,,,,,,,
Мишель,Зелёная,Текст,,,,,-30%,0 ₽,0,35,,FALSE,,,,,,,,,
Мишель,Зелёная,Текст,,,,,-30%,0 ₽,0,35,,FALSE,,,,,,,,,
Мишель,Зелёная,Текст,,,,,-30%,0 ₽,0,35,,FALSE,,,,,,,,,
Мишель,Зелёная,Текст,,,,,-30%,0 ₽,0,35,,FALSE,,,,,,,,,
Мишель,Зелёная,Текст,,,,,-30%,0 ₽,0,35,,FALSE,,,,,,,,,
Мишель,Зелёная,Текст,,,,,-30%,0 ₽,0,35,,FALSE,,,,,,,,,
Мишель,Зелёная,Текст,,,,,-30%,0 ₽,0,35,,FALSE,,,,,,,,,
Мишель,Зелёная,Текст,,,,,-30%,0 ₽,0,35,,FALSE,,,,,,,,,
Мишель,Зелёная,Текст,,,,,-30%,0 ₽,0,35,,FALSE,,,,,,,,,
Мишель,Зелёная,Текст,,,,,-30%,0 ₽,0,35,,FALSE,,,,,,,,,
Мишель,Зелёная,Текст,,,,,-30%,0 ₽,0,35,,FALSE,,,,,,,,,
Мишель,Зелёная,Текст,,,,,-30%,0 ₽,0,35,,FALSE,,,,,,,,,
Мишель,Зелёная,Текст,,,,,-30%,0 ₽,0,35,,FALSE,,,,,,,,,
Мишель,Зелёная,Текст,,,,,-30%,0 ₽,0,35,,FALSE,,,,,,,,,
Мишель,Зелёная,Текст,,,,,-30%,0 ₽,0,35,,FALSE,,,,,,,,,
Мишель,Зелёная,Текст,,,,,-30%,0 ₽,0,35,,FALSE,,,,,,,,,
Мишель,Зелёная,Текст,,,,,-30%,0 ₽,0,35,,FALSE,,,,,,,,,
Мишель,Зелёная,Текст,,,,,-30%,0 ₽,0,35,,FALSE,,,,,,,,,
Мишель,Зелёная,Текст,,,,,-30%,0 ₽,0,35,,FALSE,,,,,,,,,
Мишель,Зелёная,Текст,,,,,-30%,0 ₽,0,35,,FALSE,,,,,,,,,
Мишель,Зелёная,Текст,,,,,-30%,0 ₽,0,35,,FALSE,,,,,,,,,
Мишель,Зелёная,Текст,,,,,-30%,0 ₽,0,35,,FALSE,,,,,,,,,
Мишель,Зелёная,Текст,,,,,-30%,0 ₽,0,35,,FALSE,,,,,,,,,
Мишель,Зелёная,Текст,,,,,-30%,0 ₽,0,35,,FALSE,,,,,,,,,
Мишель,Зелёная,Текст,,,,,-30%,0 ₽,0,35,,FALSE,,,,,,,,,
Мишель,Зелёная,Текст,,,,,-30%,0 ₽,0,35,,FALSE,,,,,,,,,
Мишель,Зелёная,Текст,,,,,-30%,0 ₽,0,35,,FALSE,,,,,,,,,
Мишель,Зелёная,Текст,,,,,-30%,0 ₽,0,35,,FALSE,,,,,,,,,
Мишель,Зелёная,Текст,,,,,-30%,0 ₽,0,35,,FALSE,,,,,,,,,
Мишель,Зелёная,Текст,,,,,-30%,0 ₽,0,35,,FALSE,,,,,,,,,
Мишель,Зелёная,Текст,,,,,-30%,0 ₽,0,35,,FALSE,,,,,,,,,
Мишель,Зелёная,Текст,,,,,-30%,0 ₽,0,35,,FALSE,,,,,,,,,
Мишель,Зелёная,Текст,,,,,-30%,0 ₽,0,35,,FALSE,,,,,,,,,
Мишель,Зелёная,Текст,,,,,-30%,0 ₽,0,35,,FALSE,,,,,,,,,
Мишель,Зелёная,Текст,,,,,-30%,0 ₽,0,35,,FALSE,,,,,,,,,
Мишель,Зелёная,Текст,,,,,-30%,0 ₽,0,35,,FALSE,,,,,,,,,
Мишель,Зелёная,Текст,,,,,-30%,0 ₽,0,35,,FALSE,,,,,,,,,
Мишель,Зелёная,Текст,,,,,-30%,0 ₽,0,35,,FALSE,,,,,,,,,
Мишель,Зелёная,Текст,,,,,-30%,0 ₽,0,35,,FALSE,,,,,,,,,
Мишель,Зелёная,Текст,,,,,-30%,0 ₽,0,35,,FALSE,,,,,,,,,
Мишель,Зелёная,Текст,,,,,-30%,0 ₽,0,35,,FALSE,,,,,,,,,